K,Rho,Run_ID,Drift_Val,Scenario
64,4,0,0.0,Ideal (Drift=0%)
64,4,0,0.0,Ideal (Drift=0%)
64,4,0,0.0,Ideal (Drift=0%)
64,4,0,0.0,Ideal (Drift=0%)
64,4,0,0.0,Ideal (Drift=0%)
64,4,0,0.0,Ideal (Drift=0%)
64,4,0,0.0,Ideal (Drift=0%)
64,4,0,0.0,Ideal (Drift=0%)
64,4,0,0.0,Ideal (Drift=0%)
64,4,0,0.0,Ideal (Drift=0%)
64,4,0,0.0,Ideal (Drift=0%)
64,4,0,0.0,Ideal (Drift=0%)
64,4,0,0.0,Ideal (Drift=0%)
64,4,0,0.0,Ideal (Drift=0%)
64,4,0,0.0,Ideal (Drift=0%)
40,4,0,0.0,Ideal (Drift=0%)
64,4,1,0.0,Ideal (Drift=0%)
64,4,1,0.0,Ideal (Drift=0%)
64,4,1,0.0,Ideal (Drift=0%)
64,4,1,0.0,Ideal (Drift=0%)
64,4,1,0.0,Ideal (Drift=0%)
64,4,1,0.0,Ideal (Drift=0%)
64,4,1,0.0,Ideal (Drift=0%)
64,4,1,0.0,Ideal (Drift=0%)
64,4,1,0.0,Ideal (Drift=0%)
64,4,1,0.0,Ideal (Drift=0%)
64,4,1,0.0,Ideal (Drift=0%)
64,4,1,0.0,Ideal (Drift=0%)
64,4,1,0.0,Ideal (Drift=0%)
64,4,1,0.0,Ideal (Drift=0%)
64,4,1,0.0,Ideal (Drift=0%)
40,4,1,0.0,Ideal (Drift=0%)
64,4,2,0.0,Ideal (Drift=0%)
64,4,2,0.0,Ideal (Drift=0%)
64,4,2,0.0,Ideal (Drift=0%)
64,4,2,0.0,Ideal (Drift=0%)
64,4,2,0.0,Ideal (Drift=0%)
64,4,2,0.0,Ideal (Drift=0%)
64,4,2,0.0,Ideal (Drift=0%)
64,4,2,0.0,Ideal (Drift=0%)
64,4,2,0.0,Ideal (Drift=0%)
64,4,2,0.0,Ideal (Drift=0%)
64,4,2,0.0,Ideal (Drift=0%)
64,4,2,0.0,Ideal (Drift=0%)
64,4,2,0.0,Ideal (Drift=0%)
64,4,2,0.0,Ideal (Drift=0%)
64,4,2,0.0,Ideal (Drift=0%)
40,4,2,0.0,Ideal (Drift=0%)
64,4,3,0.0,Ideal (Drift=0%)
64,4,3,0.0,Ideal (Drift=0%)
64,4,3,0.0,Ideal (Drift=0%)
64,4,3,0.0,Ideal (Drift=0%)
64,4,3,0.0,Ideal (Drift=0%)
64,4,3,0.0,Ideal (Drift=0%)
64,4,3,0.0,Ideal (Drift=0%)
64,4,3,0.0,Ideal (Drift=0%)
64,4,3,0.0,Ideal (Drift=0%)
64,4,3,0.0,Ideal (Drift=0%)
64,4,3,0.0,Ideal (Drift=0%)
64,4,3,0.0,Ideal (Drift=0%)
64,4,3,0.0,Ideal (Drift=0%)
64,4,3,0.0,Ideal (Drift=0%)
64,4,3,0.0,Ideal (Drift=0%)
40,4,3,0.0,Ideal (Drift=0%)
64,4,6,0.0,Ideal (Drift=0%)
64,4,6,0.0,Ideal (Drift=0%)
64,4,6,0.0,Ideal (Drift=0%)
64,4,6,0.0,Ideal (Drift=0%)
64,4,6,0.0,Ideal (Drift=0%)
64,4,6,0.0,Ideal (Drift=0%)
64,4,6,0.0,Ideal (Drift=0%)
64,4,6,0.0,Ideal (Drift=0%)
64,4,6,0.0,Ideal (Drift=0%)
64,4,6,0.0,Ideal (Drift=0%)
64,4,6,0.0,Ideal (Drift=0%)
64,4,6,0.0,Ideal (Drift=0%)
64,4,6,0.0,Ideal (Drift=0%)
64,4,6,0.0,Ideal (Drift=0%)
64,4,6,0.0,Ideal (Drift=0%)
40,4,6,0.0,Ideal (Drift=0%)
64,4,5,0.0,Ideal (Drift=0%)
64,4,5,0.0,Ideal (Drift=0%)
64,4,5,0.0,Ideal (Drift=0%)
64,4,5,0.0,Ideal (Drift=0%)
64,4,5,0.0,Ideal (Drift=0%)
64,4,5,0.0,Ideal (Drift=0%)
64,4,5,0.0,Ideal (Drift=0%)
64,4,5,0.0,Ideal (Drift=0%)
64,4,5,0.0,Ideal (Drift=0%)
64,4,5,0.0,Ideal (Drift=0%)
64,4,5,0.0,Ideal (Drift=0%)
64,4,5,0.0,Ideal (Drift=0%)
64,4,5,0.0,Ideal (Drift=0%)
64,4,5,0.0,Ideal (Drift=0%)
64,4,5,0.0,Ideal (Drift=0%)
40,4,5,0.0,Ideal (Drift=0%)
64,4,4,0.0,Ideal (Drift=0%)
64,4,4,0.0,Ideal (Drift=0%)
64,4,4,0.0,Ideal (Drift=0%)
64,4,4,0.0,Ideal (Drift=0%)
64,4,4,0.0,Ideal (Drift=0%)
64,4,4,0.0,Ideal (Drift=0%)
64,4,4,0.0,Ideal (Drift=0%)
64,4,4,0.0,Ideal (Drift=0%)
64,4,4,0.0,Ideal (Drift=0%)
64,4,4,0.0,Ideal (Drift=0%)
64,4,4,0.0,Ideal (Drift=0%)
64,4,4,0.0,Ideal (Drift=0%)
64,4,4,0.0,Ideal (Drift=0%)
64,4,4,0.0,Ideal (Drift=0%)
64,4,4,0.0,Ideal (Drift=0%)
40,4,4,0.0,Ideal (Drift=0%)
64,4,8,0.0,Ideal (Drift=0%)
64,4,8,0.0,Ideal (Drift=0%)
64,4,8,0.0,Ideal (Drift=0%)
64,4,8,0.0,Ideal (Drift=0%)
64,4,8,0.0,Ideal (Drift=0%)
64,4,8,0.0,Ideal (Drift=0%)
64,4,8,0.0,Ideal (Drift=0%)
64,4,8,0.0,Ideal (Drift=0%)
64,4,8,0.0,Ideal (Drift=0%)
64,4,8,0.0,Ideal (Drift=0%)
64,4,8,0.0,Ideal (Drift=0%)
64,4,8,0.0,Ideal (Drift=0%)
64,4,8,0.0,Ideal (Drift=0%)
64,4,8,0.0,Ideal (Drift=0%)
64,4,8,0.0,Ideal (Drift=0%)
40,4,8,0.0,Ideal (Drift=0%)
64,4,7,0.0,Ideal (Drift=0%)
64,4,7,0.0,Ideal (Drift=0%)
64,4,7,0.0,Ideal (Drift=0%)
64,4,7,0.0,Ideal (Drift=0%)
64,4,7,0.0,Ideal (Drift=0%)
64,4,7,0.0,Ideal (Drift=0%)
64,4,7,0.0,Ideal (Drift=0%)
64,4,7,0.0,Ideal (Drift=0%)
64,4,7,0.0,Ideal (Drift=0%)
64,4,7,0.0,Ideal (Drift=0%)
64,4,7,0.0,Ideal (Drift=0%)
64,4,7,0.0,Ideal (Drift=0%)
64,4,7,0.0,Ideal (Drift=0%)
64,4,7,0.0,Ideal (Drift=0%)
64,4,7,0.0,Ideal (Drift=0%)
40,4,7,0.0,Ideal (Drift=0%)
64,4,9,0.0,Ideal (Drift=0%)
64,4,9,0.0,Ideal (Drift=0%)
64,4,9,0.0,Ideal (Drift=0%)
64,4,9,0.0,Ideal (Drift=0%)
64,4,9,0.0,Ideal (Drift=0%)
64,4,9,0.0,Ideal (Drift=0%)
64,4,9,0.0,Ideal (Drift=0%)
64,4,9,0.0,Ideal (Drift=0%)
64,4,9,0.0,Ideal (Drift=0%)
64,4,9,0.0,Ideal (Drift=0%)
64,4,9,0.0,Ideal (Drift=0%)
64,4,9,0.0,Ideal (Drift=0%)
64,4,9,0.0,Ideal (Drift=0%)
64,4,9,0.0,Ideal (Drift=0%)
64,4,9,0.0,Ideal (Drift=0%)
40,4,9,0.0,Ideal (Drift=0%)
64,4,11,0.0,Ideal (Drift=0%)
64,4,11,0.0,Ideal (Drift=0%)
64,4,11,0.0,Ideal (Drift=0%)
64,4,11,0.0,Ideal (Drift=0%)
64,4,11,0.0,Ideal (Drift=0%)
64,4,11,0.0,Ideal (Drift=0%)
64,4,11,0.0,Ideal (Drift=0%)
64,4,11,0.0,Ideal (Drift=0%)
64,4,11,0.0,Ideal (Drift=0%)
64,4,11,0.0,Ideal (Drift=0%)
64,4,11,0.0,Ideal (Drift=0%)
64,4,11,0.0,Ideal (Drift=0%)
64,4,11,0.0,Ideal (Drift=0%)
64,4,11,0.0,Ideal (Drift=0%)
64,4,11,0.0,Ideal (Drift=0%)
40,4,11,0.0,Ideal (Drift=0%)
64,4,10,0.0,Ideal (Drift=0%)
64,4,10,0.0,Ideal (Drift=0%)
64,4,10,0.0,Ideal (Drift=0%)
64,4,10,0.0,Ideal (Drift=0%)
64,4,10,0.0,Ideal (Drift=0%)
64,4,10,0.0,Ideal (Drift=0%)
64,4,10,0.0,Ideal (Drift=0%)
64,4,10,0.0,Ideal (Drift=0%)
64,4,10,0.0,Ideal (Drift=0%)
64,4,10,0.0,Ideal (Drift=0%)
64,4,10,0.0,Ideal (Drift=0%)
64,4,10,0.0,Ideal (Drift=0%)
64,4,10,0.0,Ideal (Drift=0%)
64,4,10,0.0,Ideal (Drift=0%)
64,4,10,0.0,Ideal (Drift=0%)
40,4,10,0.0,Ideal (Drift=0%)
64,4,12,0.0,Ideal (Drift=0%)
64,4,12,0.0,Ideal (Drift=0%)
64,4,12,0.0,Ideal (Drift=0%)
64,4,12,0.0,Ideal (Drift=0%)
64,4,12,0.0,Ideal (Drift=0%)
64,4,12,0.0,Ideal (Drift=0%)
64,4,12,0.0,Ideal (Drift=0%)
64,4,12,0.0,Ideal (Drift=0%)
64,4,12,0.0,Ideal (Drift=0%)
64,4,12,0.0,Ideal (Drift=0%)
64,4,12,0.0,Ideal (Drift=0%)
64,4,12,0.0,Ideal (Drift=0%)
64,4,12,0.0,Ideal (Drift=0%)
64,4,12,0.0,Ideal (Drift=0%)
64,4,12,0.0,Ideal (Drift=0%)
40,4,12,0.0,Ideal (Drift=0%)
64,4,14,0.0,Ideal (Drift=0%)
64,4,14,0.0,Ideal (Drift=0%)
64,4,14,0.0,Ideal (Drift=0%)
64,4,14,0.0,Ideal (Drift=0%)
64,4,14,0.0,Ideal (Drift=0%)
64,4,14,0.0,Ideal (Drift=0%)
64,4,14,0.0,Ideal (Drift=0%)
64,4,14,0.0,Ideal (Drift=0%)
64,4,14,0.0,Ideal (Drift=0%)
64,4,14,0.0,Ideal (Drift=0%)
64,4,14,0.0,Ideal (Drift=0%)
64,4,14,0.0,Ideal (Drift=0%)
64,4,14,0.0,Ideal (Drift=0%)
64,4,14,0.0,Ideal (Drift=0%)
64,4,14,0.0,Ideal (Drift=0%)
40,4,14,0.0,Ideal (Drift=0%)
64,4,13,0.0,Ideal (Drift=0%)
64,4,13,0.0,Ideal (Drift=0%)
64,4,13,0.0,Ideal (Drift=0%)
64,4,13,0.0,Ideal (Drift=0%)
64,4,13,0.0,Ideal (Drift=0%)
64,4,13,0.0,Ideal (Drift=0%)
64,4,13,0.0,Ideal (Drift=0%)
64,4,13,0.0,Ideal (Drift=0%)
64,4,13,0.0,Ideal (Drift=0%)
64,4,13,0.0,Ideal (Drift=0%)
64,4,13,0.0,Ideal (Drift=0%)
64,4,13,0.0,Ideal (Drift=0%)
64,4,13,0.0,Ideal (Drift=0%)
64,4,13,0.0,Ideal (Drift=0%)
64,4,13,0.0,Ideal (Drift=0%)
40,4,13,0.0,Ideal (Drift=0%)
64,4,15,0.0,Ideal (Drift=0%)
64,4,15,0.0,Ideal (Drift=0%)
64,4,15,0.0,Ideal (Drift=0%)
64,4,15,0.0,Ideal (Drift=0%)
64,4,15,0.0,Ideal (Drift=0%)
64,4,15,0.0,Ideal (Drift=0%)
64,4,15,0.0,Ideal (Drift=0%)
64,4,15,0.0,Ideal (Drift=0%)
128,2,15,0.0,Ideal (Drift=0%)
64,4,15,0.0,Ideal (Drift=0%)
64,4,15,0.0,Ideal (Drift=0%)
64,4,15,0.0,Ideal (Drift=0%)
64,4,15,0.0,Ideal (Drift=0%)
64,4,15,0.0,Ideal (Drift=0%)
40,4,15,0.0,Ideal (Drift=0%)
64,4,16,0.0,Ideal (Drift=0%)
64,4,16,0.0,Ideal (Drift=0%)
64,4,16,0.0,Ideal (Drift=0%)
64,4,16,0.0,Ideal (Drift=0%)
64,4,16,0.0,Ideal (Drift=0%)
64,4,16,0.0,Ideal (Drift=0%)
64,4,16,0.0,Ideal (Drift=0%)
64,4,16,0.0,Ideal (Drift=0%)
64,4,16,0.0,Ideal (Drift=0%)
64,4,16,0.0,Ideal (Drift=0%)
64,4,16,0.0,Ideal (Drift=0%)
64,4,16,0.0,Ideal (Drift=0%)
64,4,16,0.0,Ideal (Drift=0%)
64,4,16,0.0,Ideal (Drift=0%)
64,4,16,0.0,Ideal (Drift=0%)
40,4,16,0.0,Ideal (Drift=0%)
64,4,17,0.0,Ideal (Drift=0%)
64,4,17,0.0,Ideal (Drift=0%)
64,4,17,0.0,Ideal (Drift=0%)
64,4,17,0.0,Ideal (Drift=0%)
64,4,17,0.0,Ideal (Drift=0%)
64,4,17,0.0,Ideal (Drift=0%)
64,4,17,0.0,Ideal (Drift=0%)
64,4,17,0.0,Ideal (Drift=0%)
64,4,17,0.0,Ideal (Drift=0%)
64,4,17,0.0,Ideal (Drift=0%)
64,4,17,0.0,Ideal (Drift=0%)
64,4,17,0.0,Ideal (Drift=0%)
64,4,17,0.0,Ideal (Drift=0%)
64,4,17,0.0,Ideal (Drift=0%)
64,4,17,0.0,Ideal (Drift=0%)
40,4,17,0.0,Ideal (Drift=0%)
64,4,18,0.0,Ideal (Drift=0%)
64,4,18,0.0,Ideal (Drift=0%)
64,4,18,0.0,Ideal (Drift=0%)
64,4,18,0.0,Ideal (Drift=0%)
64,4,18,0.0,Ideal (Drift=0%)
64,4,18,0.0,Ideal (Drift=0%)
64,4,18,0.0,Ideal (Drift=0%)
64,4,18,0.0,Ideal (Drift=0%)
64,4,18,0.0,Ideal (Drift=0%)
64,4,18,0.0,Ideal (Drift=0%)
64,4,18,0.0,Ideal (Drift=0%)
64,4,18,0.0,Ideal (Drift=0%)
64,4,18,0.0,Ideal (Drift=0%)
64,4,18,0.0,Ideal (Drift=0%)
64,4,18,0.0,Ideal (Drift=0%)
40,4,18,0.0,Ideal (Drift=0%)
64,4,19,0.0,Ideal (Drift=0%)
64,4,19,0.0,Ideal (Drift=0%)
64,4,19,0.0,Ideal (Drift=0%)
64,4,19,0.0,Ideal (Drift=0%)
64,4,19,0.0,Ideal (Drift=0%)
64,4,19,0.0,Ideal (Drift=0%)
64,4,19,0.0,Ideal (Drift=0%)
64,4,19,0.0,Ideal (Drift=0%)
64,4,19,0.0,Ideal (Drift=0%)
64,4,19,0.0,Ideal (Drift=0%)
64,4,19,0.0,Ideal (Drift=0%)
64,4,19,0.0,Ideal (Drift=0%)
64,4,19,0.0,Ideal (Drift=0%)
64,4,19,0.0,Ideal (Drift=0%)
64,4,19,0.0,Ideal (Drift=0%)
40,4,19,0.0,Ideal (Drift=0%)
64,4,20,0.0,Ideal (Drift=0%)
64,4,20,0.0,Ideal (Drift=0%)
64,4,20,0.0,Ideal (Drift=0%)
64,4,20,0.0,Ideal (Drift=0%)
64,4,20,0.0,Ideal (Drift=0%)
64,4,20,0.0,Ideal (Drift=0%)
64,4,20,0.0,Ideal (Drift=0%)
64,4,20,0.0,Ideal (Drift=0%)
64,4,20,0.0,Ideal (Drift=0%)
64,4,20,0.0,Ideal (Drift=0%)
64,4,20,0.0,Ideal (Drift=0%)
64,4,20,0.0,Ideal (Drift=0%)
64,4,20,0.0,Ideal (Drift=0%)
64,4,20,0.0,Ideal (Drift=0%)
64,4,20,0.0,Ideal (Drift=0%)
40,4,20,0.0,Ideal (Drift=0%)
64,4,21,0.0,Ideal (Drift=0%)
64,4,21,0.0,Ideal (Drift=0%)
64,4,21,0.0,Ideal (Drift=0%)
64,4,21,0.0,Ideal (Drift=0%)
64,4,21,0.0,Ideal (Drift=0%)
64,4,21,0.0,Ideal (Drift=0%)
64,4,21,0.0,Ideal (Drift=0%)
64,4,21,0.0,Ideal (Drift=0%)
64,4,21,0.0,Ideal (Drift=0%)
64,4,21,0.0,Ideal (Drift=0%)
64,4,21,0.0,Ideal (Drift=0%)
64,4,21,0.0,Ideal (Drift=0%)
64,4,21,0.0,Ideal (Drift=0%)
64,4,21,0.0,Ideal (Drift=0%)
64,4,21,0.0,Ideal (Drift=0%)
40,4,21,0.0,Ideal (Drift=0%)
64,4,22,0.0,Ideal (Drift=0%)
64,4,22,0.0,Ideal (Drift=0%)
64,4,22,0.0,Ideal (Drift=0%)
64,4,22,0.0,Ideal (Drift=0%)
64,4,22,0.0,Ideal (Drift=0%)
64,4,22,0.0,Ideal (Drift=0%)
64,4,22,0.0,Ideal (Drift=0%)
64,4,22,0.0,Ideal (Drift=0%)
64,4,22,0.0,Ideal (Drift=0%)
64,4,22,0.0,Ideal (Drift=0%)
64,4,22,0.0,Ideal (Drift=0%)
64,4,22,0.0,Ideal (Drift=0%)
64,4,22,0.0,Ideal (Drift=0%)
64,4,22,0.0,Ideal (Drift=0%)
64,4,22,0.0,Ideal (Drift=0%)
40,4,22,0.0,Ideal (Drift=0%)
64,4,23,0.0,Ideal (Drift=0%)
64,4,23,0.0,Ideal (Drift=0%)
64,4,23,0.0,Ideal (Drift=0%)
64,4,23,0.0,Ideal (Drift=0%)
64,4,23,0.0,Ideal (Drift=0%)
64,4,23,0.0,Ideal (Drift=0%)
64,4,23,0.0,Ideal (Drift=0%)
64,4,23,0.0,Ideal (Drift=0%)
64,4,23,0.0,Ideal (Drift=0%)
64,4,23,0.0,Ideal (Drift=0%)
64,4,23,0.0,Ideal (Drift=0%)
64,4,23,0.0,Ideal (Drift=0%)
64,4,23,0.0,Ideal (Drift=0%)
64,4,23,0.0,Ideal (Drift=0%)
64,4,23,0.0,Ideal (Drift=0%)
40,4,23,0.0,Ideal (Drift=0%)
64,4,24,0.0,Ideal (Drift=0%)
64,4,24,0.0,Ideal (Drift=0%)
64,4,24,0.0,Ideal (Drift=0%)
64,4,24,0.0,Ideal (Drift=0%)
64,4,24,0.0,Ideal (Drift=0%)
64,4,24,0.0,Ideal (Drift=0%)
64,4,24,0.0,Ideal (Drift=0%)
64,4,24,0.0,Ideal (Drift=0%)
64,4,24,0.0,Ideal (Drift=0%)
64,4,24,0.0,Ideal (Drift=0%)
64,4,24,0.0,Ideal (Drift=0%)
64,4,24,0.0,Ideal (Drift=0%)
64,4,24,0.0,Ideal (Drift=0%)
64,4,24,0.0,Ideal (Drift=0%)
64,4,24,0.0,Ideal (Drift=0%)
40,4,24,0.0,Ideal (Drift=0%)
64,4,26,0.0,Ideal (Drift=0%)
64,4,26,0.0,Ideal (Drift=0%)
64,4,26,0.0,Ideal (Drift=0%)
64,4,26,0.0,Ideal (Drift=0%)
64,4,26,0.0,Ideal (Drift=0%)
64,4,26,0.0,Ideal (Drift=0%)
64,4,26,0.0,Ideal (Drift=0%)
64,4,26,0.0,Ideal (Drift=0%)
64,4,26,0.0,Ideal (Drift=0%)
64,4,26,0.0,Ideal (Drift=0%)
64,4,26,0.0,Ideal (Drift=0%)
64,4,26,0.0,Ideal (Drift=0%)
64,4,26,0.0,Ideal (Drift=0%)
64,4,26,0.0,Ideal (Drift=0%)
64,4,26,0.0,Ideal (Drift=0%)
40,4,26,0.0,Ideal (Drift=0%)
64,4,25,0.0,Ideal (Drift=0%)
64,4,25,0.0,Ideal (Drift=0%)
64,4,25,0.0,Ideal (Drift=0%)
64,4,25,0.0,Ideal (Drift=0%)
64,4,25,0.0,Ideal (Drift=0%)
64,4,25,0.0,Ideal (Drift=0%)
64,4,25,0.0,Ideal (Drift=0%)
64,4,25,0.0,Ideal (Drift=0%)
64,4,25,0.0,Ideal (Drift=0%)
64,4,25,0.0,Ideal (Drift=0%)
64,4,25,0.0,Ideal (Drift=0%)
64,4,25,0.0,Ideal (Drift=0%)
64,4,25,0.0,Ideal (Drift=0%)
64,4,25,0.0,Ideal (Drift=0%)
64,4,25,0.0,Ideal (Drift=0%)
40,4,25,0.0,Ideal (Drift=0%)
64,4,27,0.0,Ideal (Drift=0%)
64,4,27,0.0,Ideal (Drift=0%)
64,4,27,0.0,Ideal (Drift=0%)
64,4,27,0.0,Ideal (Drift=0%)
64,4,27,0.0,Ideal (Drift=0%)
64,4,27,0.0,Ideal (Drift=0%)
64,4,27,0.0,Ideal (Drift=0%)
64,4,27,0.0,Ideal (Drift=0%)
64,4,27,0.0,Ideal (Drift=0%)
64,4,27,0.0,Ideal (Drift=0%)
64,4,27,0.0,Ideal (Drift=0%)
64,4,27,0.0,Ideal (Drift=0%)
64,4,27,0.0,Ideal (Drift=0%)
64,4,27,0.0,Ideal (Drift=0%)
64,4,27,0.0,Ideal (Drift=0%)
40,4,27,0.0,Ideal (Drift=0%)
64,4,28,0.0,Ideal (Drift=0%)
64,4,28,0.0,Ideal (Drift=0%)
64,4,28,0.0,Ideal (Drift=0%)
64,4,28,0.0,Ideal (Drift=0%)
64,4,28,0.0,Ideal (Drift=0%)
64,4,28,0.0,Ideal (Drift=0%)
64,4,28,0.0,Ideal (Drift=0%)
64,4,28,0.0,Ideal (Drift=0%)
64,4,28,0.0,Ideal (Drift=0%)
64,4,28,0.0,Ideal (Drift=0%)
64,4,28,0.0,Ideal (Drift=0%)
64,4,28,0.0,Ideal (Drift=0%)
64,4,28,0.0,Ideal (Drift=0%)
64,4,28,0.0,Ideal (Drift=0%)
64,4,28,0.0,Ideal (Drift=0%)
40,4,28,0.0,Ideal (Drift=0%)
64,4,29,0.0,Ideal (Drift=0%)
64,4,29,0.0,Ideal (Drift=0%)
64,4,29,0.0,Ideal (Drift=0%)
64,4,29,0.0,Ideal (Drift=0%)
64,4,29,0.0,Ideal (Drift=0%)
64,4,29,0.0,Ideal (Drift=0%)
64,4,29,0.0,Ideal (Drift=0%)
64,4,29,0.0,Ideal (Drift=0%)
64,4,29,0.0,Ideal (Drift=0%)
64,4,29,0.0,Ideal (Drift=0%)
64,4,29,0.0,Ideal (Drift=0%)
64,4,29,0.0,Ideal (Drift=0%)
64,4,29,0.0,Ideal (Drift=0%)
64,4,29,0.0,Ideal (Drift=0%)
64,4,29,0.0,Ideal (Drift=0%)
40,4,29,0.0,Ideal (Drift=0%)
64,4,30,0.0,Ideal (Drift=0%)
64,4,30,0.0,Ideal (Drift=0%)
64,4,30,0.0,Ideal (Drift=0%)
64,4,30,0.0,Ideal (Drift=0%)
64,4,30,0.0,Ideal (Drift=0%)
64,4,30,0.0,Ideal (Drift=0%)
64,4,30,0.0,Ideal (Drift=0%)
64,4,30,0.0,Ideal (Drift=0%)
64,4,30,0.0,Ideal (Drift=0%)
64,4,30,0.0,Ideal (Drift=0%)
64,4,30,0.0,Ideal (Drift=0%)
64,4,30,0.0,Ideal (Drift=0%)
64,4,30,0.0,Ideal (Drift=0%)
64,4,30,0.0,Ideal (Drift=0%)
64,4,30,0.0,Ideal (Drift=0%)
40,4,30,0.0,Ideal (Drift=0%)
64,4,31,0.0,Ideal (Drift=0%)
64,4,31,0.0,Ideal (Drift=0%)
64,4,31,0.0,Ideal (Drift=0%)
64,4,31,0.0,Ideal (Drift=0%)
64,4,31,0.0,Ideal (Drift=0%)
64,4,31,0.0,Ideal (Drift=0%)
64,4,31,0.0,Ideal (Drift=0%)
64,4,31,0.0,Ideal (Drift=0%)
64,4,31,0.0,Ideal (Drift=0%)
64,4,31,0.0,Ideal (Drift=0%)
64,4,31,0.0,Ideal (Drift=0%)
64,4,31,0.0,Ideal (Drift=0%)
64,4,31,0.0,Ideal (Drift=0%)
64,4,31,0.0,Ideal (Drift=0%)
64,4,31,0.0,Ideal (Drift=0%)
40,4,31,0.0,Ideal (Drift=0%)
64,4,32,0.0,Ideal (Drift=0%)
64,4,32,0.0,Ideal (Drift=0%)
64,4,32,0.0,Ideal (Drift=0%)
64,4,32,0.0,Ideal (Drift=0%)
64,4,32,0.0,Ideal (Drift=0%)
64,4,32,0.0,Ideal (Drift=0%)
64,4,32,0.0,Ideal (Drift=0%)
64,4,32,0.0,Ideal (Drift=0%)
64,4,32,0.0,Ideal (Drift=0%)
64,4,32,0.0,Ideal (Drift=0%)
64,4,32,0.0,Ideal (Drift=0%)
64,4,32,0.0,Ideal (Drift=0%)
64,4,32,0.0,Ideal (Drift=0%)
64,4,32,0.0,Ideal (Drift=0%)
64,4,32,0.0,Ideal (Drift=0%)
40,4,32,0.0,Ideal (Drift=0%)
64,4,33,0.0,Ideal (Drift=0%)
64,4,33,0.0,Ideal (Drift=0%)
64,4,33,0.0,Ideal (Drift=0%)
64,4,33,0.0,Ideal (Drift=0%)
64,4,33,0.0,Ideal (Drift=0%)
64,4,33,0.0,Ideal (Drift=0%)
64,4,33,0.0,Ideal (Drift=0%)
64,4,33,0.0,Ideal (Drift=0%)
64,4,33,0.0,Ideal (Drift=0%)
64,4,33,0.0,Ideal (Drift=0%)
64,4,33,0.0,Ideal (Drift=0%)
64,4,33,0.0,Ideal (Drift=0%)
64,4,33,0.0,Ideal (Drift=0%)
64,4,33,0.0,Ideal (Drift=0%)
64,4,33,0.0,Ideal (Drift=0%)
40,4,33,0.0,Ideal (Drift=0%)
64,4,34,0.0,Ideal (Drift=0%)
64,4,34,0.0,Ideal (Drift=0%)
64,4,34,0.0,Ideal (Drift=0%)
64,4,34,0.0,Ideal (Drift=0%)
64,4,34,0.0,Ideal (Drift=0%)
64,4,34,0.0,Ideal (Drift=0%)
64,4,34,0.0,Ideal (Drift=0%)
64,4,34,0.0,Ideal (Drift=0%)
64,4,34,0.0,Ideal (Drift=0%)
64,4,34,0.0,Ideal (Drift=0%)
64,4,34,0.0,Ideal (Drift=0%)
64,4,34,0.0,Ideal (Drift=0%)
64,4,34,0.0,Ideal (Drift=0%)
64,4,34,0.0,Ideal (Drift=0%)
64,4,34,0.0,Ideal (Drift=0%)
40,4,34,0.0,Ideal (Drift=0%)
64,4,35,0.0,Ideal (Drift=0%)
64,4,35,0.0,Ideal (Drift=0%)
64,4,35,0.0,Ideal (Drift=0%)
64,4,35,0.0,Ideal (Drift=0%)
64,4,35,0.0,Ideal (Drift=0%)
64,4,35,0.0,Ideal (Drift=0%)
64,4,35,0.0,Ideal (Drift=0%)
64,4,35,0.0,Ideal (Drift=0%)
64,4,35,0.0,Ideal (Drift=0%)
64,4,35,0.0,Ideal (Drift=0%)
64,4,35,0.0,Ideal (Drift=0%)
64,4,35,0.0,Ideal (Drift=0%)
64,4,35,0.0,Ideal (Drift=0%)
64,4,35,0.0,Ideal (Drift=0%)
64,4,35,0.0,Ideal (Drift=0%)
40,4,35,0.0,Ideal (Drift=0%)
64,4,37,0.0,Ideal (Drift=0%)
64,4,37,0.0,Ideal (Drift=0%)
64,4,37,0.0,Ideal (Drift=0%)
64,4,37,0.0,Ideal (Drift=0%)
64,4,37,0.0,Ideal (Drift=0%)
64,4,37,0.0,Ideal (Drift=0%)
64,4,37,0.0,Ideal (Drift=0%)
64,4,37,0.0,Ideal (Drift=0%)
64,4,37,0.0,Ideal (Drift=0%)
64,4,37,0.0,Ideal (Drift=0%)
64,4,37,0.0,Ideal (Drift=0%)
64,4,37,0.0,Ideal (Drift=0%)
64,4,37,0.0,Ideal (Drift=0%)
64,4,37,0.0,Ideal (Drift=0%)
64,4,37,0.0,Ideal (Drift=0%)
40,4,37,0.0,Ideal (Drift=0%)
64,4,36,0.0,Ideal (Drift=0%)
64,4,36,0.0,Ideal (Drift=0%)
64,4,36,0.0,Ideal (Drift=0%)
64,4,36,0.0,Ideal (Drift=0%)
64,4,36,0.0,Ideal (Drift=0%)
64,4,36,0.0,Ideal (Drift=0%)
64,4,36,0.0,Ideal (Drift=0%)
64,4,36,0.0,Ideal (Drift=0%)
64,4,36,0.0,Ideal (Drift=0%)
64,4,36,0.0,Ideal (Drift=0%)
64,4,36,0.0,Ideal (Drift=0%)
64,4,36,0.0,Ideal (Drift=0%)
64,4,36,0.0,Ideal (Drift=0%)
64,4,36,0.0,Ideal (Drift=0%)
64,4,36,0.0,Ideal (Drift=0%)
40,4,36,0.0,Ideal (Drift=0%)
64,4,38,0.0,Ideal (Drift=0%)
64,4,38,0.0,Ideal (Drift=0%)
64,4,38,0.0,Ideal (Drift=0%)
64,4,38,0.0,Ideal (Drift=0%)
64,4,38,0.0,Ideal (Drift=0%)
64,4,38,0.0,Ideal (Drift=0%)
64,4,38,0.0,Ideal (Drift=0%)
64,4,38,0.0,Ideal (Drift=0%)
64,4,38,0.0,Ideal (Drift=0%)
64,4,38,0.0,Ideal (Drift=0%)
64,4,38,0.0,Ideal (Drift=0%)
64,4,38,0.0,Ideal (Drift=0%)
64,4,38,0.0,Ideal (Drift=0%)
64,4,38,0.0,Ideal (Drift=0%)
64,4,38,0.0,Ideal (Drift=0%)
40,4,38,0.0,Ideal (Drift=0%)
64,4,39,0.0,Ideal (Drift=0%)
64,4,39,0.0,Ideal (Drift=0%)
64,4,39,0.0,Ideal (Drift=0%)
64,4,39,0.0,Ideal (Drift=0%)
64,4,39,0.0,Ideal (Drift=0%)
64,4,39,0.0,Ideal (Drift=0%)
64,4,39,0.0,Ideal (Drift=0%)
64,4,39,0.0,Ideal (Drift=0%)
64,4,39,0.0,Ideal (Drift=0%)
64,4,39,0.0,Ideal (Drift=0%)
64,4,39,0.0,Ideal (Drift=0%)
64,4,39,0.0,Ideal (Drift=0%)
64,4,39,0.0,Ideal (Drift=0%)
64,4,39,0.0,Ideal (Drift=0%)
64,4,39,0.0,Ideal (Drift=0%)
40,4,39,0.0,Ideal (Drift=0%)
64,4,41,0.0,Ideal (Drift=0%)
64,4,41,0.0,Ideal (Drift=0%)
64,4,41,0.0,Ideal (Drift=0%)
64,4,41,0.0,Ideal (Drift=0%)
64,4,41,0.0,Ideal (Drift=0%)
64,4,41,0.0,Ideal (Drift=0%)
64,4,41,0.0,Ideal (Drift=0%)
64,4,41,0.0,Ideal (Drift=0%)
64,4,41,0.0,Ideal (Drift=0%)
64,4,41,0.0,Ideal (Drift=0%)
64,4,41,0.0,Ideal (Drift=0%)
64,4,41,0.0,Ideal (Drift=0%)
64,4,41,0.0,Ideal (Drift=0%)
64,4,41,0.0,Ideal (Drift=0%)
64,4,41,0.0,Ideal (Drift=0%)
40,4,41,0.0,Ideal (Drift=0%)
64,4,40,0.0,Ideal (Drift=0%)
64,4,40,0.0,Ideal (Drift=0%)
64,4,40,0.0,Ideal (Drift=0%)
64,4,40,0.0,Ideal (Drift=0%)
64,4,40,0.0,Ideal (Drift=0%)
64,4,40,0.0,Ideal (Drift=0%)
64,4,40,0.0,Ideal (Drift=0%)
64,4,40,0.0,Ideal (Drift=0%)
64,4,40,0.0,Ideal (Drift=0%)
64,4,40,0.0,Ideal (Drift=0%)
64,4,40,0.0,Ideal (Drift=0%)
64,4,40,0.0,Ideal (Drift=0%)
64,4,40,0.0,Ideal (Drift=0%)
64,4,40,0.0,Ideal (Drift=0%)
64,4,40,0.0,Ideal (Drift=0%)
40,4,40,0.0,Ideal (Drift=0%)
64,4,42,0.0,Ideal (Drift=0%)
64,4,42,0.0,Ideal (Drift=0%)
64,4,42,0.0,Ideal (Drift=0%)
64,4,42,0.0,Ideal (Drift=0%)
64,4,42,0.0,Ideal (Drift=0%)
64,4,42,0.0,Ideal (Drift=0%)
64,4,42,0.0,Ideal (Drift=0%)
64,4,42,0.0,Ideal (Drift=0%)
64,4,42,0.0,Ideal (Drift=0%)
64,4,42,0.0,Ideal (Drift=0%)
64,4,42,0.0,Ideal (Drift=0%)
64,4,42,0.0,Ideal (Drift=0%)
64,4,42,0.0,Ideal (Drift=0%)
64,4,42,0.0,Ideal (Drift=0%)
64,4,42,0.0,Ideal (Drift=0%)
40,4,42,0.0,Ideal (Drift=0%)
64,4,43,0.0,Ideal (Drift=0%)
64,4,43,0.0,Ideal (Drift=0%)
64,4,43,0.0,Ideal (Drift=0%)
64,4,43,0.0,Ideal (Drift=0%)
64,4,43,0.0,Ideal (Drift=0%)
64,4,43,0.0,Ideal (Drift=0%)
64,4,43,0.0,Ideal (Drift=0%)
64,4,43,0.0,Ideal (Drift=0%)
64,4,43,0.0,Ideal (Drift=0%)
64,4,43,0.0,Ideal (Drift=0%)
64,4,43,0.0,Ideal (Drift=0%)
64,4,43,0.0,Ideal (Drift=0%)
64,4,43,0.0,Ideal (Drift=0%)
64,4,43,0.0,Ideal (Drift=0%)
64,4,43,0.0,Ideal (Drift=0%)
40,4,43,0.0,Ideal (Drift=0%)
64,4,44,0.0,Ideal (Drift=0%)
64,4,44,0.0,Ideal (Drift=0%)
64,4,44,0.0,Ideal (Drift=0%)
64,4,44,0.0,Ideal (Drift=0%)
64,4,44,0.0,Ideal (Drift=0%)
64,4,44,0.0,Ideal (Drift=0%)
64,4,44,0.0,Ideal (Drift=0%)
64,4,44,0.0,Ideal (Drift=0%)
64,4,44,0.0,Ideal (Drift=0%)
64,4,44,0.0,Ideal (Drift=0%)
64,4,44,0.0,Ideal (Drift=0%)
64,4,44,0.0,Ideal (Drift=0%)
64,4,44,0.0,Ideal (Drift=0%)
64,4,44,0.0,Ideal (Drift=0%)
64,4,44,0.0,Ideal (Drift=0%)
40,4,44,0.0,Ideal (Drift=0%)
64,4,46,0.0,Ideal (Drift=0%)
64,4,46,0.0,Ideal (Drift=0%)
64,4,46,0.0,Ideal (Drift=0%)
64,4,46,0.0,Ideal (Drift=0%)
64,4,46,0.0,Ideal (Drift=0%)
64,4,46,0.0,Ideal (Drift=0%)
64,4,46,0.0,Ideal (Drift=0%)
64,4,46,0.0,Ideal (Drift=0%)
64,4,46,0.0,Ideal (Drift=0%)
64,4,46,0.0,Ideal (Drift=0%)
64,4,46,0.0,Ideal (Drift=0%)
64,4,46,0.0,Ideal (Drift=0%)
64,4,46,0.0,Ideal (Drift=0%)
64,4,46,0.0,Ideal (Drift=0%)
64,4,46,0.0,Ideal (Drift=0%)
40,4,46,0.0,Ideal (Drift=0%)
64,4,45,0.0,Ideal (Drift=0%)
64,4,45,0.0,Ideal (Drift=0%)
64,4,45,0.0,Ideal (Drift=0%)
64,4,45,0.0,Ideal (Drift=0%)
64,4,45,0.0,Ideal (Drift=0%)
64,4,45,0.0,Ideal (Drift=0%)
64,4,45,0.0,Ideal (Drift=0%)
64,4,45,0.0,Ideal (Drift=0%)
64,4,45,0.0,Ideal (Drift=0%)
64,4,45,0.0,Ideal (Drift=0%)
64,4,45,0.0,Ideal (Drift=0%)
64,4,45,0.0,Ideal (Drift=0%)
64,4,45,0.0,Ideal (Drift=0%)
64,4,45,0.0,Ideal (Drift=0%)
64,4,45,0.0,Ideal (Drift=0%)
40,4,45,0.0,Ideal (Drift=0%)
64,4,48,0.0,Ideal (Drift=0%)
64,4,48,0.0,Ideal (Drift=0%)
64,4,48,0.0,Ideal (Drift=0%)
64,4,48,0.0,Ideal (Drift=0%)
64,4,48,0.0,Ideal (Drift=0%)
64,4,48,0.0,Ideal (Drift=0%)
64,4,48,0.0,Ideal (Drift=0%)
64,4,48,0.0,Ideal (Drift=0%)
64,4,48,0.0,Ideal (Drift=0%)
64,4,48,0.0,Ideal (Drift=0%)
64,4,48,0.0,Ideal (Drift=0%)
64,4,48,0.0,Ideal (Drift=0%)
64,4,48,0.0,Ideal (Drift=0%)
64,4,48,0.0,Ideal (Drift=0%)
64,4,48,0.0,Ideal (Drift=0%)
40,4,48,0.0,Ideal (Drift=0%)
64,4,47,0.0,Ideal (Drift=0%)
64,4,47,0.0,Ideal (Drift=0%)
64,4,47,0.0,Ideal (Drift=0%)
64,4,47,0.0,Ideal (Drift=0%)
64,4,47,0.0,Ideal (Drift=0%)
64,4,47,0.0,Ideal (Drift=0%)
64,4,47,0.0,Ideal (Drift=0%)
64,4,47,0.0,Ideal (Drift=0%)
64,4,47,0.0,Ideal (Drift=0%)
64,4,47,0.0,Ideal (Drift=0%)
64,4,47,0.0,Ideal (Drift=0%)
64,4,47,0.0,Ideal (Drift=0%)
64,4,47,0.0,Ideal (Drift=0%)
64,4,47,0.0,Ideal (Drift=0%)
64,4,47,0.0,Ideal (Drift=0%)
40,4,47,0.0,Ideal (Drift=0%)
64,4,49,0.0,Ideal (Drift=0%)
64,4,49,0.0,Ideal (Drift=0%)
64,4,49,0.0,Ideal (Drift=0%)
64,4,49,0.0,Ideal (Drift=0%)
64,4,49,0.0,Ideal (Drift=0%)
64,4,49,0.0,Ideal (Drift=0%)
64,4,49,0.0,Ideal (Drift=0%)
64,4,49,0.0,Ideal (Drift=0%)
64,4,49,0.0,Ideal (Drift=0%)
64,4,49,0.0,Ideal (Drift=0%)
64,4,49,0.0,Ideal (Drift=0%)
64,4,49,0.0,Ideal (Drift=0%)
64,4,49,0.0,Ideal (Drift=0%)
64,4,49,0.0,Ideal (Drift=0%)
64,4,49,0.0,Ideal (Drift=0%)
40,4,49,0.0,Ideal (Drift=0%)
64,4,0,0.004,Stress (Drift=0.15%)
32,4,0,0.004,Stress (Drift=0.15%)
32,4,0,0.004,Stress (Drift=0.15%)
64,4,0,0.004,Stress (Drift=0.15%)
64,4,0,0.004,Stress (Drift=0.15%)
64,4,0,0.004,Stress (Drift=0.15%)
64,4,0,0.004,Stress (Drift=0.15%)
64,4,0,0.004,Stress (Drift=0.15%)
32,4,0,0.004,Stress (Drift=0.15%)
32,4,0,0.004,Stress (Drift=0.15%)
32,4,0,0.004,Stress (Drift=0.15%)
32,4,0,0.004,Stress (Drift=0.15%)
32,4,0,0.004,Stress (Drift=0.15%)
32,4,0,0.004,Stress (Drift=0.15%)
64,4,0,0.004,Stress (Drift=0.15%)
32,4,0,0.004,Stress (Drift=0.15%)
32,4,0,0.004,Stress (Drift=0.15%)
32,4,0,0.004,Stress (Drift=0.15%)
32,4,0,0.004,Stress (Drift=0.15%)
64,4,0,0.004,Stress (Drift=0.15%)
32,4,0,0.004,Stress (Drift=0.15%)
32,4,0,0.004,Stress (Drift=0.15%)
40,4,0,0.004,Stress (Drift=0.15%)
64,4,4,0.004,Stress (Drift=0.15%)
64,4,4,0.004,Stress (Drift=0.15%)
64,4,4,0.004,Stress (Drift=0.15%)
64,4,4,0.004,Stress (Drift=0.15%)
64,4,4,0.004,Stress (Drift=0.15%)
64,4,4,0.004,Stress (Drift=0.15%)
64,4,4,0.004,Stress (Drift=0.15%)
64,4,4,0.004,Stress (Drift=0.15%)
32,4,4,0.004,Stress (Drift=0.15%)
32,4,4,0.004,Stress (Drift=0.15%)
64,4,4,0.004,Stress (Drift=0.15%)
64,4,4,0.004,Stress (Drift=0.15%)
32,4,4,0.004,Stress (Drift=0.15%)
32,4,4,0.004,Stress (Drift=0.15%)
32,4,4,0.004,Stress (Drift=0.15%)
32,4,4,0.004,Stress (Drift=0.15%)
64,4,4,0.004,Stress (Drift=0.15%)
32,4,4,0.004,Stress (Drift=0.15%)
32,4,4,0.004,Stress (Drift=0.15%)
32,4,4,0.004,Stress (Drift=0.15%)
8,4,4,0.004,Stress (Drift=0.15%)
64,4,2,0.004,Stress (Drift=0.15%)
64,4,2,0.004,Stress (Drift=0.15%)
64,4,2,0.004,Stress (Drift=0.15%)
64,4,2,0.004,Stress (Drift=0.15%)
32,4,2,0.004,Stress (Drift=0.15%)
32,4,2,0.004,Stress (Drift=0.15%)
64,4,2,0.004,Stress (Drift=0.15%)
32,4,2,0.004,Stress (Drift=0.15%)
32,4,2,0.004,Stress (Drift=0.15%)
32,4,2,0.004,Stress (Drift=0.15%)
32,4,2,0.004,Stress (Drift=0.15%)
32,4,2,0.004,Stress (Drift=0.15%)
32,4,2,0.004,Stress (Drift=0.15%)
64,4,2,0.004,Stress (Drift=0.15%)
64,4,2,0.004,Stress (Drift=0.15%)
32,4,2,0.004,Stress (Drift=0.15%)
32,4,2,0.004,Stress (Drift=0.15%)
32,4,2,0.004,Stress (Drift=0.15%)
32,4,2,0.004,Stress (Drift=0.15%)
32,4,2,0.004,Stress (Drift=0.15%)
32,4,2,0.004,Stress (Drift=0.15%)
32,4,2,0.004,Stress (Drift=0.15%)
32,4,2,0.004,Stress (Drift=0.15%)
40,2,2,0.004,Stress (Drift=0.15%)
64,4,5,0.004,Stress (Drift=0.15%)
32,4,5,0.004,Stress (Drift=0.15%)
32,4,5,0.004,Stress (Drift=0.15%)
32,4,5,0.004,Stress (Drift=0.15%)
32,4,5,0.004,Stress (Drift=0.15%)
32,4,5,0.004,Stress (Drift=0.15%)
32,4,5,0.004,Stress (Drift=0.15%)
64,4,5,0.004,Stress (Drift=0.15%)
64,4,5,0.004,Stress (Drift=0.15%)
32,4,5,0.004,Stress (Drift=0.15%)
32,4,5,0.004,Stress (Drift=0.15%)
32,4,5,0.004,Stress (Drift=0.15%)
32,4,5,0.004,Stress (Drift=0.15%)
128,2,5,0.004,Stress (Drift=0.15%)
64,4,5,0.004,Stress (Drift=0.15%)
32,4,5,0.004,Stress (Drift=0.15%)
32,4,5,0.004,Stress (Drift=0.15%)
64,4,5,0.004,Stress (Drift=0.15%)
64,4,5,0.004,Stress (Drift=0.15%)
64,4,5,0.004,Stress (Drift=0.15%)
40,4,5,0.004,Stress (Drift=0.15%)
64,4,1,0.004,Stress (Drift=0.15%)
64,4,1,0.004,Stress (Drift=0.15%)
32,4,1,0.004,Stress (Drift=0.15%)
32,4,1,0.004,Stress (Drift=0.15%)
64,4,1,0.004,Stress (Drift=0.15%)
32,4,1,0.004,Stress (Drift=0.15%)
32,4,1,0.004,Stress (Drift=0.15%)
64,4,1,0.004,Stress (Drift=0.15%)
64,4,1,0.004,Stress (Drift=0.15%)
32,4,1,0.004,Stress (Drift=0.15%)
32,4,1,0.004,Stress (Drift=0.15%)
64,4,1,0.004,Stress (Drift=0.15%)
32,4,1,0.004,Stress (Drift=0.15%)
32,4,1,0.004,Stress (Drift=0.15%)
64,4,1,0.004,Stress (Drift=0.15%)
32,4,1,0.004,Stress (Drift=0.15%)
32,4,1,0.004,Stress (Drift=0.15%)
32,4,1,0.004,Stress (Drift=0.15%)
32,4,1,0.004,Stress (Drift=0.15%)
64,4,1,0.004,Stress (Drift=0.15%)
32,4,1,0.004,Stress (Drift=0.15%)
32,4,1,0.004,Stress (Drift=0.15%)
40,4,1,0.004,Stress (Drift=0.15%)
64,4,3,0.004,Stress (Drift=0.15%)
64,4,3,0.004,Stress (Drift=0.15%)
32,4,3,0.004,Stress (Drift=0.15%)
32,4,3,0.004,Stress (Drift=0.15%)
64,4,3,0.004,Stress (Drift=0.15%)
64,4,3,0.004,Stress (Drift=0.15%)
32,4,3,0.004,Stress (Drift=0.15%)
32,4,3,0.004,Stress (Drift=0.15%)
64,4,3,0.004,Stress (Drift=0.15%)
32,4,3,0.004,Stress (Drift=0.15%)
32,4,3,0.004,Stress (Drift=0.15%)
32,4,3,0.004,Stress (Drift=0.15%)
32,4,3,0.004,Stress (Drift=0.15%)
32,4,3,0.004,Stress (Drift=0.15%)
32,4,3,0.004,Stress (Drift=0.15%)
32,4,3,0.004,Stress (Drift=0.15%)
32,4,3,0.004,Stress (Drift=0.15%)
32,4,3,0.004,Stress (Drift=0.15%)
32,4,3,0.004,Stress (Drift=0.15%)
32,4,3,0.004,Stress (Drift=0.15%)
32,4,3,0.004,Stress (Drift=0.15%)
64,4,3,0.004,Stress (Drift=0.15%)
32,4,3,0.004,Stress (Drift=0.15%)
32,4,3,0.004,Stress (Drift=0.15%)
32,4,3,0.004,Stress (Drift=0.15%)
8,4,3,0.004,Stress (Drift=0.15%)
64,4,6,0.004,Stress (Drift=0.15%)
64,4,6,0.004,Stress (Drift=0.15%)
64,4,6,0.004,Stress (Drift=0.15%)
32,4,6,0.004,Stress (Drift=0.15%)
32,4,6,0.004,Stress (Drift=0.15%)
64,4,6,0.004,Stress (Drift=0.15%)
32,4,6,0.004,Stress (Drift=0.15%)
32,4,6,0.004,Stress (Drift=0.15%)
64,4,6,0.004,Stress (Drift=0.15%)
32,4,6,0.004,Stress (Drift=0.15%)
32,4,6,0.004,Stress (Drift=0.15%)
64,4,6,0.004,Stress (Drift=0.15%)
64,4,6,0.004,Stress (Drift=0.15%)
32,4,6,0.004,Stress (Drift=0.15%)
32,4,6,0.004,Stress (Drift=0.15%)
64,4,6,0.004,Stress (Drift=0.15%)
64,4,6,0.004,Stress (Drift=0.15%)
32,4,6,0.004,Stress (Drift=0.15%)
32,4,6,0.004,Stress (Drift=0.15%)
64,4,6,0.004,Stress (Drift=0.15%)
32,4,6,0.004,Stress (Drift=0.15%)
8,4,6,0.004,Stress (Drift=0.15%)
64,4,11,0.004,Stress (Drift=0.15%)
32,4,11,0.004,Stress (Drift=0.15%)
32,4,11,0.004,Stress (Drift=0.15%)
32,4,11,0.004,Stress (Drift=0.15%)
32,4,11,0.004,Stress (Drift=0.15%)
64,4,11,0.004,Stress (Drift=0.15%)
64,4,11,0.004,Stress (Drift=0.15%)
64,4,11,0.004,Stress (Drift=0.15%)
64,4,11,0.004,Stress (Drift=0.15%)
32,4,11,0.004,Stress (Drift=0.15%)
32,4,11,0.004,Stress (Drift=0.15%)
64,4,11,0.004,Stress (Drift=0.15%)
64,4,11,0.004,Stress (Drift=0.15%)
32,4,11,0.004,Stress (Drift=0.15%)
32,4,11,0.004,Stress (Drift=0.15%)
64,4,11,0.004,Stress (Drift=0.15%)
64,4,11,0.004,Stress (Drift=0.15%)
64,4,11,0.004,Stress (Drift=0.15%)
64,4,11,0.004,Stress (Drift=0.15%)
40,4,11,0.004,Stress (Drift=0.15%)
64,4,8,0.004,Stress (Drift=0.15%)
64,4,8,0.004,Stress (Drift=0.15%)
64,4,8,0.004,Stress (Drift=0.15%)
32,4,8,0.004,Stress (Drift=0.15%)
32,4,8,0.004,Stress (Drift=0.15%)
64,4,8,0.004,Stress (Drift=0.15%)
32,4,8,0.004,Stress (Drift=0.15%)
32,4,8,0.004,Stress (Drift=0.15%)
64,4,8,0.004,Stress (Drift=0.15%)
32,4,8,0.004,Stress (Drift=0.15%)
32,4,8,0.004,Stress (Drift=0.15%)
64,4,8,0.004,Stress (Drift=0.15%)
64,4,8,0.004,Stress (Drift=0.15%)
32,4,8,0.004,Stress (Drift=0.15%)
32,4,8,0.004,Stress (Drift=0.15%)
32,4,8,0.004,Stress (Drift=0.15%)
32,4,8,0.004,Stress (Drift=0.15%)
64,4,8,0.004,Stress (Drift=0.15%)
32,4,8,0.004,Stress (Drift=0.15%)
32,4,8,0.004,Stress (Drift=0.15%)
64,4,8,0.004,Stress (Drift=0.15%)
40,4,8,0.004,Stress (Drift=0.15%)
64,4,10,0.004,Stress (Drift=0.15%)
64,4,10,0.004,Stress (Drift=0.15%)
32,4,10,0.004,Stress (Drift=0.15%)
32,4,10,0.004,Stress (Drift=0.15%)
64,4,10,0.004,Stress (Drift=0.15%)
64,4,10,0.004,Stress (Drift=0.15%)
32,4,10,0.004,Stress (Drift=0.15%)
32,4,10,0.004,Stress (Drift=0.15%)
64,4,10,0.004,Stress (Drift=0.15%)
64,4,10,0.004,Stress (Drift=0.15%)
64,4,10,0.004,Stress (Drift=0.15%)
32,4,10,0.004,Stress (Drift=0.15%)
32,4,10,0.004,Stress (Drift=0.15%)
64,4,10,0.004,Stress (Drift=0.15%)
64,4,10,0.004,Stress (Drift=0.15%)
64,4,10,0.004,Stress (Drift=0.15%)
64,4,10,0.004,Stress (Drift=0.15%)
32,4,10,0.004,Stress (Drift=0.15%)
32,4,10,0.004,Stress (Drift=0.15%)
40,4,10,0.004,Stress (Drift=0.15%)
64,4,9,0.004,Stress (Drift=0.15%)
32,4,9,0.004,Stress (Drift=0.15%)
32,4,9,0.004,Stress (Drift=0.15%)
32,4,9,0.004,Stress (Drift=0.15%)
32,4,9,0.004,Stress (Drift=0.15%)
64,4,9,0.004,Stress (Drift=0.15%)
32,4,9,0.004,Stress (Drift=0.15%)
32,4,9,0.004,Stress (Drift=0.15%)
32,4,9,0.004,Stress (Drift=0.15%)
32,4,9,0.004,Stress (Drift=0.15%)
32,4,9,0.004,Stress (Drift=0.15%)
32,4,9,0.004,Stress (Drift=0.15%)
32,4,9,0.004,Stress (Drift=0.15%)
32,4,9,0.004,Stress (Drift=0.15%)
32,4,9,0.004,Stress (Drift=0.15%)
32,4,9,0.004,Stress (Drift=0.15%)
64,4,9,0.004,Stress (Drift=0.15%)
64,4,9,0.004,Stress (Drift=0.15%)
32,4,9,0.004,Stress (Drift=0.15%)
32,4,9,0.004,Stress (Drift=0.15%)
32,4,9,0.004,Stress (Drift=0.15%)
32,4,9,0.004,Stress (Drift=0.15%)
64,4,9,0.004,Stress (Drift=0.15%)
32,4,9,0.004,Stress (Drift=0.15%)
32,4,9,0.004,Stress (Drift=0.15%)
40,4,9,0.004,Stress (Drift=0.15%)
64,4,7,0.004,Stress (Drift=0.15%)
32,4,7,0.004,Stress (Drift=0.15%)
32,4,7,0.004,Stress (Drift=0.15%)
32,4,7,0.004,Stress (Drift=0.15%)
32,4,7,0.004,Stress (Drift=0.15%)
32,4,7,0.004,Stress (Drift=0.15%)
32,4,7,0.004,Stress (Drift=0.15%)
32,4,7,0.004,Stress (Drift=0.15%)
32,4,7,0.004,Stress (Drift=0.15%)
64,4,7,0.004,Stress (Drift=0.15%)
64,4,7,0.004,Stress (Drift=0.15%)
32,4,7,0.004,Stress (Drift=0.15%)
32,4,7,0.004,Stress (Drift=0.15%)
32,4,7,0.004,Stress (Drift=0.15%)
32,4,7,0.004,Stress (Drift=0.15%)
64,2,7,0.004,Stress (Drift=0.15%)
64,4,7,0.004,Stress (Drift=0.15%)
32,4,7,0.004,Stress (Drift=0.15%)
32,4,7,0.004,Stress (Drift=0.15%)
64,4,7,0.004,Stress (Drift=0.15%)
32,4,7,0.004,Stress (Drift=0.15%)
32,4,7,0.004,Stress (Drift=0.15%)
64,4,7,0.004,Stress (Drift=0.15%)
32,4,7,0.004,Stress (Drift=0.15%)
8,4,7,0.004,Stress (Drift=0.15%)
64,4,12,0.004,Stress (Drift=0.15%)
64,4,12,0.004,Stress (Drift=0.15%)
64,4,12,0.004,Stress (Drift=0.15%)
64,4,12,0.004,Stress (Drift=0.15%)
32,4,12,0.004,Stress (Drift=0.15%)
32,4,12,0.004,Stress (Drift=0.15%)
64,4,12,0.004,Stress (Drift=0.15%)
32,4,12,0.004,Stress (Drift=0.15%)
32,4,12,0.004,Stress (Drift=0.15%)
32,4,12,0.004,Stress (Drift=0.15%)
32,4,12,0.004,Stress (Drift=0.15%)
64,4,12,0.004,Stress (Drift=0.15%)
32,4,12,0.004,Stress (Drift=0.15%)
32,4,12,0.004,Stress (Drift=0.15%)
64,4,12,0.004,Stress (Drift=0.15%)
32,4,12,0.004,Stress (Drift=0.15%)
32,4,12,0.004,Stress (Drift=0.15%)
64,4,12,0.004,Stress (Drift=0.15%)
32,4,12,0.004,Stress (Drift=0.15%)
32,4,12,0.004,Stress (Drift=0.15%)
32,4,12,0.004,Stress (Drift=0.15%)
32,4,12,0.004,Stress (Drift=0.15%)
40,4,12,0.004,Stress (Drift=0.15%)
64,4,13,0.004,Stress (Drift=0.15%)
64,4,13,0.004,Stress (Drift=0.15%)
64,4,13,0.004,Stress (Drift=0.15%)
32,4,13,0.004,Stress (Drift=0.15%)
32,4,13,0.004,Stress (Drift=0.15%)
32,4,13,0.004,Stress (Drift=0.15%)
32,4,13,0.004,Stress (Drift=0.15%)
32,4,13,0.004,Stress (Drift=0.15%)
32,4,13,0.004,Stress (Drift=0.15%)
64,4,13,0.004,Stress (Drift=0.15%)
64,4,13,0.004,Stress (Drift=0.15%)
32,4,13,0.004,Stress (Drift=0.15%)
32,4,13,0.004,Stress (Drift=0.15%)
32,4,13,0.004,Stress (Drift=0.15%)
32,4,13,0.004,Stress (Drift=0.15%)
64,4,13,0.004,Stress (Drift=0.15%)
32,4,13,0.004,Stress (Drift=0.15%)
32,4,13,0.004,Stress (Drift=0.15%)
32,4,13,0.004,Stress (Drift=0.15%)
32,4,13,0.004,Stress (Drift=0.15%)
32,4,13,0.004,Stress (Drift=0.15%)
32,4,13,0.004,Stress (Drift=0.15%)
64,4,13,0.004,Stress (Drift=0.15%)
32,4,13,0.004,Stress (Drift=0.15%)
8,4,13,0.004,Stress (Drift=0.15%)
64,4,14,0.004,Stress (Drift=0.15%)
64,4,14,0.004,Stress (Drift=0.15%)
64,4,14,0.004,Stress (Drift=0.15%)
32,4,14,0.004,Stress (Drift=0.15%)
32,4,14,0.004,Stress (Drift=0.15%)
32,4,14,0.004,Stress (Drift=0.15%)
32,4,14,0.004,Stress (Drift=0.15%)
64,4,14,0.004,Stress (Drift=0.15%)
32,4,14,0.004,Stress (Drift=0.15%)
32,4,14,0.004,Stress (Drift=0.15%)
64,4,14,0.004,Stress (Drift=0.15%)
64,4,14,0.004,Stress (Drift=0.15%)
32,4,14,0.004,Stress (Drift=0.15%)
32,4,14,0.004,Stress (Drift=0.15%)
64,4,14,0.004,Stress (Drift=0.15%)
32,4,14,0.004,Stress (Drift=0.15%)
32,4,14,0.004,Stress (Drift=0.15%)
32,4,14,0.004,Stress (Drift=0.15%)
32,4,14,0.004,Stress (Drift=0.15%)
64,4,14,0.004,Stress (Drift=0.15%)
32,4,14,0.004,Stress (Drift=0.15%)
32,4,14,0.004,Stress (Drift=0.15%)
40,4,14,0.004,Stress (Drift=0.15%)
64,4,15,0.004,Stress (Drift=0.15%)
64,4,15,0.004,Stress (Drift=0.15%)
32,4,15,0.004,Stress (Drift=0.15%)
32,4,15,0.004,Stress (Drift=0.15%)
64,4,15,0.004,Stress (Drift=0.15%)
32,4,15,0.004,Stress (Drift=0.15%)
32,4,15,0.004,Stress (Drift=0.15%)
64,4,15,0.004,Stress (Drift=0.15%)
64,4,15,0.004,Stress (Drift=0.15%)
64,4,15,0.004,Stress (Drift=0.15%)
64,4,15,0.004,Stress (Drift=0.15%)
32,4,15,0.004,Stress (Drift=0.15%)
32,4,15,0.004,Stress (Drift=0.15%)
32,4,15,0.004,Stress (Drift=0.15%)
32,4,15,0.004,Stress (Drift=0.15%)
64,4,15,0.004,Stress (Drift=0.15%)
32,4,15,0.004,Stress (Drift=0.15%)
32,4,15,0.004,Stress (Drift=0.15%)
32,4,15,0.004,Stress (Drift=0.15%)
32,4,15,0.004,Stress (Drift=0.15%)
64,4,15,0.004,Stress (Drift=0.15%)
32,4,15,0.004,Stress (Drift=0.15%)
8,4,15,0.004,Stress (Drift=0.15%)
64,4,16,0.004,Stress (Drift=0.15%)
64,4,16,0.004,Stress (Drift=0.15%)
64,4,16,0.004,Stress (Drift=0.15%)
64,4,16,0.004,Stress (Drift=0.15%)
64,4,16,0.004,Stress (Drift=0.15%)
32,4,16,0.004,Stress (Drift=0.15%)
32,4,16,0.004,Stress (Drift=0.15%)
64,4,16,0.004,Stress (Drift=0.15%)
64,4,16,0.004,Stress (Drift=0.15%)
32,4,16,0.004,Stress (Drift=0.15%)
32,4,16,0.004,Stress (Drift=0.15%)
32,4,16,0.004,Stress (Drift=0.15%)
32,4,16,0.004,Stress (Drift=0.15%)
32,4,16,0.004,Stress (Drift=0.15%)
32,4,16,0.004,Stress (Drift=0.15%)
64,4,16,0.004,Stress (Drift=0.15%)
64,4,16,0.004,Stress (Drift=0.15%)
32,4,16,0.004,Stress (Drift=0.15%)
32,4,16,0.004,Stress (Drift=0.15%)
64,4,16,0.004,Stress (Drift=0.15%)
32,4,16,0.004,Stress (Drift=0.15%)
8,4,16,0.004,Stress (Drift=0.15%)
64,4,17,0.004,Stress (Drift=0.15%)
64,4,17,0.004,Stress (Drift=0.15%)
64,4,17,0.004,Stress (Drift=0.15%)
32,4,17,0.004,Stress (Drift=0.15%)
32,4,17,0.004,Stress (Drift=0.15%)
64,4,17,0.004,Stress (Drift=0.15%)
32,4,17,0.004,Stress (Drift=0.15%)
32,4,17,0.004,Stress (Drift=0.15%)
64,4,17,0.004,Stress (Drift=0.15%)
64,4,17,0.004,Stress (Drift=0.15%)
32,4,17,0.004,Stress (Drift=0.15%)
32,4,17,0.004,Stress (Drift=0.15%)
32,4,17,0.004,Stress (Drift=0.15%)
32,4,17,0.004,Stress (Drift=0.15%)
32,4,17,0.004,Stress (Drift=0.15%)
32,4,17,0.004,Stress (Drift=0.15%)
32,4,17,0.004,Stress (Drift=0.15%)
32,4,17,0.004,Stress (Drift=0.15%)
32,4,17,0.004,Stress (Drift=0.15%)
32,4,17,0.004,Stress (Drift=0.15%)
64,4,17,0.004,Stress (Drift=0.15%)
64,4,17,0.004,Stress (Drift=0.15%)
32,4,17,0.004,Stress (Drift=0.15%)
8,4,17,0.004,Stress (Drift=0.15%)
64,4,18,0.004,Stress (Drift=0.15%)
32,4,18,0.004,Stress (Drift=0.15%)
32,4,18,0.004,Stress (Drift=0.15%)
32,4,18,0.004,Stress (Drift=0.15%)
32,4,18,0.004,Stress (Drift=0.15%)
32,4,18,0.004,Stress (Drift=0.15%)
32,4,18,0.004,Stress (Drift=0.15%)
64,4,18,0.004,Stress (Drift=0.15%)
64,4,18,0.004,Stress (Drift=0.15%)
32,4,18,0.004,Stress (Drift=0.15%)
32,4,18,0.004,Stress (Drift=0.15%)
64,4,18,0.004,Stress (Drift=0.15%)
64,4,18,0.004,Stress (Drift=0.15%)
32,4,18,0.004,Stress (Drift=0.15%)
32,4,18,0.004,Stress (Drift=0.15%)
32,4,18,0.004,Stress (Drift=0.15%)
32,4,18,0.004,Stress (Drift=0.15%)
64,4,18,0.004,Stress (Drift=0.15%)
64,4,18,0.004,Stress (Drift=0.15%)
32,4,18,0.004,Stress (Drift=0.15%)
32,4,18,0.004,Stress (Drift=0.15%)
32,4,18,0.004,Stress (Drift=0.15%)
32,4,18,0.004,Stress (Drift=0.15%)
32,4,18,0.004,Stress (Drift=0.15%)
8,4,18,0.004,Stress (Drift=0.15%)
64,4,19,0.004,Stress (Drift=0.15%)
32,4,19,0.004,Stress (Drift=0.15%)
32,4,19,0.004,Stress (Drift=0.15%)
32,4,19,0.004,Stress (Drift=0.15%)
32,4,19,0.004,Stress (Drift=0.15%)
64,4,19,0.004,Stress (Drift=0.15%)
32,4,19,0.004,Stress (Drift=0.15%)
32,4,19,0.004,Stress (Drift=0.15%)
32,4,19,0.004,Stress (Drift=0.15%)
32,4,19,0.004,Stress (Drift=0.15%)
32,4,19,0.004,Stress (Drift=0.15%)
32,4,19,0.004,Stress (Drift=0.15%)
64,4,19,0.004,Stress (Drift=0.15%)
64,4,19,0.004,Stress (Drift=0.15%)
64,4,19,0.004,Stress (Drift=0.15%)
64,4,19,0.004,Stress (Drift=0.15%)
32,4,19,0.004,Stress (Drift=0.15%)
32,4,19,0.004,Stress (Drift=0.15%)
32,4,19,0.004,Stress (Drift=0.15%)
32,4,19,0.004,Stress (Drift=0.15%)
64,4,19,0.004,Stress (Drift=0.15%)
32,4,19,0.004,Stress (Drift=0.15%)
32,4,19,0.004,Stress (Drift=0.15%)
32,4,19,0.004,Stress (Drift=0.15%)
8,4,19,0.004,Stress (Drift=0.15%)
64,4,20,0.004,Stress (Drift=0.15%)
64,4,20,0.004,Stress (Drift=0.15%)
64,4,20,0.004,Stress (Drift=0.15%)
32,4,20,0.004,Stress (Drift=0.15%)
32,4,20,0.004,Stress (Drift=0.15%)
32,4,20,0.004,Stress (Drift=0.15%)
32,4,20,0.004,Stress (Drift=0.15%)
64,4,20,0.004,Stress (Drift=0.15%)
32,4,20,0.004,Stress (Drift=0.15%)
32,4,20,0.004,Stress (Drift=0.15%)
32,4,20,0.004,Stress (Drift=0.15%)
32,4,20,0.004,Stress (Drift=0.15%)
32,4,20,0.004,Stress (Drift=0.15%)
32,4,20,0.004,Stress (Drift=0.15%)
64,4,20,0.004,Stress (Drift=0.15%)
32,4,20,0.004,Stress (Drift=0.15%)
32,4,20,0.004,Stress (Drift=0.15%)
32,4,20,0.004,Stress (Drift=0.15%)
32,4,20,0.004,Stress (Drift=0.15%)
32,4,20,0.004,Stress (Drift=0.15%)
32,4,20,0.004,Stress (Drift=0.15%)
32,4,20,0.004,Stress (Drift=0.15%)
32,4,20,0.004,Stress (Drift=0.15%)
64,4,20,0.004,Stress (Drift=0.15%)
40,4,20,0.004,Stress (Drift=0.15%)
64,4,21,0.004,Stress (Drift=0.15%)
32,4,21,0.004,Stress (Drift=0.15%)
32,4,21,0.004,Stress (Drift=0.15%)
64,4,21,0.004,Stress (Drift=0.15%)
64,4,21,0.004,Stress (Drift=0.15%)
32,4,21,0.004,Stress (Drift=0.15%)
32,4,21,0.004,Stress (Drift=0.15%)
64,4,21,0.004,Stress (Drift=0.15%)
64,4,21,0.004,Stress (Drift=0.15%)
64,4,21,0.004,Stress (Drift=0.15%)
32,4,21,0.004,Stress (Drift=0.15%)
32,4,21,0.004,Stress (Drift=0.15%)
64,4,21,0.004,Stress (Drift=0.15%)
64,4,21,0.004,Stress (Drift=0.15%)
64,4,21,0.004,Stress (Drift=0.15%)
64,4,21,0.004,Stress (Drift=0.15%)
32,4,21,0.004,Stress (Drift=0.15%)
32,4,21,0.004,Stress (Drift=0.15%)
32,4,21,0.004,Stress (Drift=0.15%)
32,4,21,0.004,Stress (Drift=0.15%)
32,4,21,0.004,Stress (Drift=0.15%)
8,4,21,0.004,Stress (Drift=0.15%)
64,4,22,0.004,Stress (Drift=0.15%)
32,4,22,0.004,Stress (Drift=0.15%)
32,4,22,0.004,Stress (Drift=0.15%)
32,4,22,0.004,Stress (Drift=0.15%)
32,4,22,0.004,Stress (Drift=0.15%)
64,4,22,0.004,Stress (Drift=0.15%)
32,4,22,0.004,Stress (Drift=0.15%)
32,4,22,0.004,Stress (Drift=0.15%)
64,4,22,0.004,Stress (Drift=0.15%)
64,4,22,0.004,Stress (Drift=0.15%)
64,4,22,0.004,Stress (Drift=0.15%)
32,4,22,0.004,Stress (Drift=0.15%)
32,4,22,0.004,Stress (Drift=0.15%)
32,4,22,0.004,Stress (Drift=0.15%)
32,4,22,0.004,Stress (Drift=0.15%)
64,4,22,0.004,Stress (Drift=0.15%)
64,4,22,0.004,Stress (Drift=0.15%)
64,4,22,0.004,Stress (Drift=0.15%)
64,4,22,0.004,Stress (Drift=0.15%)
32,4,22,0.004,Stress (Drift=0.15%)
32,4,22,0.004,Stress (Drift=0.15%)
40,4,22,0.004,Stress (Drift=0.15%)
64,4,23,0.004,Stress (Drift=0.15%)
32,4,23,0.004,Stress (Drift=0.15%)
32,4,23,0.004,Stress (Drift=0.15%)
32,4,23,0.004,Stress (Drift=0.15%)
32,4,23,0.004,Stress (Drift=0.15%)
32,4,23,0.004,Stress (Drift=0.15%)
32,4,23,0.004,Stress (Drift=0.15%)
32,4,23,0.004,Stress (Drift=0.15%)
32,4,23,0.004,Stress (Drift=0.15%)
64,4,23,0.004,Stress (Drift=0.15%)
64,4,23,0.004,Stress (Drift=0.15%)
32,4,23,0.004,Stress (Drift=0.15%)
32,4,23,0.004,Stress (Drift=0.15%)
32,4,23,0.004,Stress (Drift=0.15%)
32,4,23,0.004,Stress (Drift=0.15%)
64,4,23,0.004,Stress (Drift=0.15%)
32,4,23,0.004,Stress (Drift=0.15%)
32,4,23,0.004,Stress (Drift=0.15%)
64,4,23,0.004,Stress (Drift=0.15%)
64,4,23,0.004,Stress (Drift=0.15%)
64,4,23,0.004,Stress (Drift=0.15%)
64,4,23,0.004,Stress (Drift=0.15%)
32,4,23,0.004,Stress (Drift=0.15%)
8,4,23,0.004,Stress (Drift=0.15%)
64,4,24,0.004,Stress (Drift=0.15%)
64,4,24,0.004,Stress (Drift=0.15%)
64,4,24,0.004,Stress (Drift=0.15%)
64,4,24,0.004,Stress (Drift=0.15%)
64,4,24,0.004,Stress (Drift=0.15%)
64,4,24,0.004,Stress (Drift=0.15%)
64,4,24,0.004,Stress (Drift=0.15%)
64,4,24,0.004,Stress (Drift=0.15%)
64,4,24,0.004,Stress (Drift=0.15%)
64,4,24,0.004,Stress (Drift=0.15%)
64,4,24,0.004,Stress (Drift=0.15%)
32,4,24,0.004,Stress (Drift=0.15%)
32,4,24,0.004,Stress (Drift=0.15%)
32,4,24,0.004,Stress (Drift=0.15%)
32,4,24,0.004,Stress (Drift=0.15%)
32,4,24,0.004,Stress (Drift=0.15%)
32,4,24,0.004,Stress (Drift=0.15%)
32,4,24,0.004,Stress (Drift=0.15%)
32,4,24,0.004,Stress (Drift=0.15%)
40,4,24,0.004,Stress (Drift=0.15%)
64,4,26,0.004,Stress (Drift=0.15%)
64,4,26,0.004,Stress (Drift=0.15%)
32,4,26,0.004,Stress (Drift=0.15%)
32,4,26,0.004,Stress (Drift=0.15%)
32,4,26,0.004,Stress (Drift=0.15%)
32,4,26,0.004,Stress (Drift=0.15%)
32,4,26,0.004,Stress (Drift=0.15%)
32,4,26,0.004,Stress (Drift=0.15%)
32,4,26,0.004,Stress (Drift=0.15%)
32,4,26,0.004,Stress (Drift=0.15%)
32,4,26,0.004,Stress (Drift=0.15%)
32,4,26,0.004,Stress (Drift=0.15%)
32,4,26,0.004,Stress (Drift=0.15%)
32,4,26,0.004,Stress (Drift=0.15%)
64,4,26,0.004,Stress (Drift=0.15%)
64,4,26,0.004,Stress (Drift=0.15%)
32,4,26,0.004,Stress (Drift=0.15%)
32,4,26,0.004,Stress (Drift=0.15%)
32,4,26,0.004,Stress (Drift=0.15%)
32,4,26,0.004,Stress (Drift=0.15%)
64,4,26,0.004,Stress (Drift=0.15%)
64,4,26,0.004,Stress (Drift=0.15%)
64,4,26,0.004,Stress (Drift=0.15%)
32,4,26,0.004,Stress (Drift=0.15%)
8,4,26,0.004,Stress (Drift=0.15%)
64,4,25,0.004,Stress (Drift=0.15%)
32,4,25,0.004,Stress (Drift=0.15%)
32,4,25,0.004,Stress (Drift=0.15%)
64,4,25,0.004,Stress (Drift=0.15%)
32,4,25,0.004,Stress (Drift=0.15%)
32,4,25,0.004,Stress (Drift=0.15%)
64,4,25,0.004,Stress (Drift=0.15%)
32,4,25,0.004,Stress (Drift=0.15%)
32,4,25,0.004,Stress (Drift=0.15%)
64,4,25,0.004,Stress (Drift=0.15%)
32,4,25,0.004,Stress (Drift=0.15%)
32,4,25,0.004,Stress (Drift=0.15%)
64,4,25,0.004,Stress (Drift=0.15%)
64,4,25,0.004,Stress (Drift=0.15%)
64,4,25,0.004,Stress (Drift=0.15%)
32,4,25,0.004,Stress (Drift=0.15%)
32,4,25,0.004,Stress (Drift=0.15%)
32,4,25,0.004,Stress (Drift=0.15%)
32,4,25,0.004,Stress (Drift=0.15%)
32,4,25,0.004,Stress (Drift=0.15%)
32,4,25,0.004,Stress (Drift=0.15%)
64,4,25,0.004,Stress (Drift=0.15%)
32,4,25,0.004,Stress (Drift=0.15%)
8,4,25,0.004,Stress (Drift=0.15%)
64,4,27,0.004,Stress (Drift=0.15%)
64,4,27,0.004,Stress (Drift=0.15%)
64,4,27,0.004,Stress (Drift=0.15%)
32,4,27,0.004,Stress (Drift=0.15%)
32,4,27,0.004,Stress (Drift=0.15%)
64,4,27,0.004,Stress (Drift=0.15%)
64,4,27,0.004,Stress (Drift=0.15%)
64,4,27,0.004,Stress (Drift=0.15%)
32,4,27,0.004,Stress (Drift=0.15%)
32,4,27,0.004,Stress (Drift=0.15%)
64,4,27,0.004,Stress (Drift=0.15%)
64,4,27,0.004,Stress (Drift=0.15%)
32,4,27,0.004,Stress (Drift=0.15%)
32,4,27,0.004,Stress (Drift=0.15%)
32,4,27,0.004,Stress (Drift=0.15%)
32,4,27,0.004,Stress (Drift=0.15%)
64,4,27,0.004,Stress (Drift=0.15%)
32,4,27,0.004,Stress (Drift=0.15%)
32,4,27,0.004,Stress (Drift=0.15%)
32,4,27,0.004,Stress (Drift=0.15%)
32,4,27,0.004,Stress (Drift=0.15%)
40,4,27,0.004,Stress (Drift=0.15%)
64,4,29,0.004,Stress (Drift=0.15%)
32,4,29,0.004,Stress (Drift=0.15%)
32,4,29,0.004,Stress (Drift=0.15%)
32,4,29,0.004,Stress (Drift=0.15%)
32,4,29,0.004,Stress (Drift=0.15%)
32,4,29,0.004,Stress (Drift=0.15%)
32,4,29,0.004,Stress (Drift=0.15%)
64,4,29,0.004,Stress (Drift=0.15%)
64,4,29,0.004,Stress (Drift=0.15%)
64,4,29,0.004,Stress (Drift=0.15%)
32,4,29,0.004,Stress (Drift=0.15%)
32,4,29,0.004,Stress (Drift=0.15%)
64,4,29,0.004,Stress (Drift=0.15%)
64,4,29,0.004,Stress (Drift=0.15%)
32,4,29,0.004,Stress (Drift=0.15%)
32,4,29,0.004,Stress (Drift=0.15%)
64,4,29,0.004,Stress (Drift=0.15%)
64,4,29,0.004,Stress (Drift=0.15%)
32,4,29,0.004,Stress (Drift=0.15%)
32,4,29,0.004,Stress (Drift=0.15%)
64,4,29,0.004,Stress (Drift=0.15%)
32,4,29,0.004,Stress (Drift=0.15%)
8,4,29,0.004,Stress (Drift=0.15%)
64,4,28,0.004,Stress (Drift=0.15%)
64,4,28,0.004,Stress (Drift=0.15%)
64,4,28,0.004,Stress (Drift=0.15%)
32,4,28,0.004,Stress (Drift=0.15%)
32,4,28,0.004,Stress (Drift=0.15%)
32,4,28,0.004,Stress (Drift=0.15%)
32,4,28,0.004,Stress (Drift=0.15%)
32,4,28,0.004,Stress (Drift=0.15%)
32,4,28,0.004,Stress (Drift=0.15%)
64,4,28,0.004,Stress (Drift=0.15%)
32,4,28,0.004,Stress (Drift=0.15%)
32,4,28,0.004,Stress (Drift=0.15%)
64,4,28,0.004,Stress (Drift=0.15%)
64,4,28,0.004,Stress (Drift=0.15%)
32,4,28,0.004,Stress (Drift=0.15%)
32,4,28,0.004,Stress (Drift=0.15%)
64,4,28,0.004,Stress (Drift=0.15%)
32,4,28,0.004,Stress (Drift=0.15%)
32,4,28,0.004,Stress (Drift=0.15%)
32,4,28,0.004,Stress (Drift=0.15%)
32,4,28,0.004,Stress (Drift=0.15%)
32,4,28,0.004,Stress (Drift=0.15%)
32,4,28,0.004,Stress (Drift=0.15%)
32,4,28,0.004,Stress (Drift=0.15%)
8,4,28,0.004,Stress (Drift=0.15%)
64,4,30,0.004,Stress (Drift=0.15%)
32,4,30,0.004,Stress (Drift=0.15%)
32,4,30,0.004,Stress (Drift=0.15%)
32,4,30,0.004,Stress (Drift=0.15%)
32,4,30,0.004,Stress (Drift=0.15%)
64,4,30,0.004,Stress (Drift=0.15%)
64,4,30,0.004,Stress (Drift=0.15%)
64,4,30,0.004,Stress (Drift=0.15%)
64,4,30,0.004,Stress (Drift=0.15%)
32,4,30,0.004,Stress (Drift=0.15%)
32,4,30,0.004,Stress (Drift=0.15%)
32,4,30,0.004,Stress (Drift=0.15%)
32,4,30,0.004,Stress (Drift=0.15%)
64,4,30,0.004,Stress (Drift=0.15%)
32,4,30,0.004,Stress (Drift=0.15%)
32,4,30,0.004,Stress (Drift=0.15%)
64,4,30,0.004,Stress (Drift=0.15%)
32,4,30,0.004,Stress (Drift=0.15%)
32,4,30,0.004,Stress (Drift=0.15%)
64,4,30,0.004,Stress (Drift=0.15%)
64,4,30,0.004,Stress (Drift=0.15%)
32,4,30,0.004,Stress (Drift=0.15%)
8,4,30,0.004,Stress (Drift=0.15%)
64,4,31,0.004,Stress (Drift=0.15%)
64,4,31,0.004,Stress (Drift=0.15%)
64,4,31,0.004,Stress (Drift=0.15%)
64,4,31,0.004,Stress (Drift=0.15%)
64,4,31,0.004,Stress (Drift=0.15%)
32,4,31,0.004,Stress (Drift=0.15%)
32,4,31,0.004,Stress (Drift=0.15%)
64,4,31,0.004,Stress (Drift=0.15%)
64,4,31,0.004,Stress (Drift=0.15%)
64,4,31,0.004,Stress (Drift=0.15%)
64,4,31,0.004,Stress (Drift=0.15%)
64,4,31,0.004,Stress (Drift=0.15%)
64,4,31,0.004,Stress (Drift=0.15%)
64,4,31,0.004,Stress (Drift=0.15%)
32,4,31,0.004,Stress (Drift=0.15%)
32,4,31,0.004,Stress (Drift=0.15%)
32,4,31,0.004,Stress (Drift=0.15%)
32,4,31,0.004,Stress (Drift=0.15%)
40,4,31,0.004,Stress (Drift=0.15%)
64,4,33,0.004,Stress (Drift=0.15%)
64,4,33,0.004,Stress (Drift=0.15%)
64,4,33,0.004,Stress (Drift=0.15%)
64,4,33,0.004,Stress (Drift=0.15%)
64,4,33,0.004,Stress (Drift=0.15%)
64,4,33,0.004,Stress (Drift=0.15%)
32,4,33,0.004,Stress (Drift=0.15%)
32,4,33,0.004,Stress (Drift=0.15%)
32,4,33,0.004,Stress (Drift=0.15%)
32,4,33,0.004,Stress (Drift=0.15%)
64,4,33,0.004,Stress (Drift=0.15%)
64,4,33,0.004,Stress (Drift=0.15%)
32,4,33,0.004,Stress (Drift=0.15%)
32,4,33,0.004,Stress (Drift=0.15%)
64,4,33,0.004,Stress (Drift=0.15%)
32,4,33,0.004,Stress (Drift=0.15%)
32,4,33,0.004,Stress (Drift=0.15%)
32,4,33,0.004,Stress (Drift=0.15%)
32,4,33,0.004,Stress (Drift=0.15%)
32,4,33,0.004,Stress (Drift=0.15%)
32,4,33,0.004,Stress (Drift=0.15%)
40,4,33,0.004,Stress (Drift=0.15%)
64,4,34,0.004,Stress (Drift=0.15%)
64,4,34,0.004,Stress (Drift=0.15%)
64,4,34,0.004,Stress (Drift=0.15%)
32,4,34,0.004,Stress (Drift=0.15%)
32,4,34,0.004,Stress (Drift=0.15%)
64,4,34,0.004,Stress (Drift=0.15%)
64,4,34,0.004,Stress (Drift=0.15%)
32,4,34,0.004,Stress (Drift=0.15%)
32,4,34,0.004,Stress (Drift=0.15%)
32,4,34,0.004,Stress (Drift=0.15%)
32,4,34,0.004,Stress (Drift=0.15%)
32,4,34,0.004,Stress (Drift=0.15%)
32,4,34,0.004,Stress (Drift=0.15%)
64,4,34,0.004,Stress (Drift=0.15%)
32,4,34,0.004,Stress (Drift=0.15%)
32,4,34,0.004,Stress (Drift=0.15%)
32,4,34,0.004,Stress (Drift=0.15%)
32,4,34,0.004,Stress (Drift=0.15%)
32,4,34,0.004,Stress (Drift=0.15%)
32,4,34,0.004,Stress (Drift=0.15%)
64,4,34,0.004,Stress (Drift=0.15%)
64,4,34,0.004,Stress (Drift=0.15%)
40,4,34,0.004,Stress (Drift=0.15%)
64,4,35,0.004,Stress (Drift=0.15%)
32,4,35,0.004,Stress (Drift=0.15%)
32,4,35,0.004,Stress (Drift=0.15%)
32,4,35,0.004,Stress (Drift=0.15%)
32,4,35,0.004,Stress (Drift=0.15%)
32,4,35,0.004,Stress (Drift=0.15%)
32,4,35,0.004,Stress (Drift=0.15%)
64,4,35,0.004,Stress (Drift=0.15%)
64,4,35,0.004,Stress (Drift=0.15%)
64,4,35,0.004,Stress (Drift=0.15%)
64,4,35,0.004,Stress (Drift=0.15%)
64,4,35,0.004,Stress (Drift=0.15%)
64,4,35,0.004,Stress (Drift=0.15%)
32,4,35,0.004,Stress (Drift=0.15%)
32,4,35,0.004,Stress (Drift=0.15%)
64,4,35,0.004,Stress (Drift=0.15%)
32,4,35,0.004,Stress (Drift=0.15%)
32,4,35,0.004,Stress (Drift=0.15%)
32,4,35,0.004,Stress (Drift=0.15%)
32,4,35,0.004,Stress (Drift=0.15%)
32,4,35,0.004,Stress (Drift=0.15%)
32,4,35,0.004,Stress (Drift=0.15%)
32,4,35,0.004,Stress (Drift=0.15%)
8,4,35,0.004,Stress (Drift=0.15%)
64,4,32,0.004,Stress (Drift=0.15%)
32,4,32,0.004,Stress (Drift=0.15%)
32,4,32,0.004,Stress (Drift=0.15%)
32,4,32,0.004,Stress (Drift=0.15%)
32,4,32,0.004,Stress (Drift=0.15%)
32,4,32,0.004,Stress (Drift=0.15%)
32,4,32,0.004,Stress (Drift=0.15%)
64,4,32,0.004,Stress (Drift=0.15%)
32,4,32,0.004,Stress (Drift=0.15%)
32,4,32,0.004,Stress (Drift=0.15%)
32,4,32,0.004,Stress (Drift=0.15%)
32,4,32,0.004,Stress (Drift=0.15%)
32,4,32,0.004,Stress (Drift=0.15%)
32,4,32,0.004,Stress (Drift=0.15%)
64,4,32,0.004,Stress (Drift=0.15%)
64,4,32,0.004,Stress (Drift=0.15%)
64,4,32,0.004,Stress (Drift=0.15%)
32,4,32,0.004,Stress (Drift=0.15%)
32,4,32,0.004,Stress (Drift=0.15%)
32,4,32,0.004,Stress (Drift=0.15%)
32,4,32,0.004,Stress (Drift=0.15%)
64,4,32,0.004,Stress (Drift=0.15%)
64,4,32,0.004,Stress (Drift=0.15%)
32,4,32,0.004,Stress (Drift=0.15%)
8,4,32,0.004,Stress (Drift=0.15%)
64,4,36,0.004,Stress (Drift=0.15%)
64,4,36,0.004,Stress (Drift=0.15%)
32,4,36,0.004,Stress (Drift=0.15%)
32,4,36,0.004,Stress (Drift=0.15%)
32,4,36,0.004,Stress (Drift=0.15%)
32,4,36,0.004,Stress (Drift=0.15%)
32,4,36,0.004,Stress (Drift=0.15%)
32,4,36,0.004,Stress (Drift=0.15%)
32,4,36,0.004,Stress (Drift=0.15%)
32,4,36,0.004,Stress (Drift=0.15%)
64,4,36,0.004,Stress (Drift=0.15%)
64,4,36,0.004,Stress (Drift=0.15%)
64,4,36,0.004,Stress (Drift=0.15%)
64,4,36,0.004,Stress (Drift=0.15%)
64,4,36,0.004,Stress (Drift=0.15%)
32,4,36,0.004,Stress (Drift=0.15%)
32,4,36,0.004,Stress (Drift=0.15%)
64,4,36,0.004,Stress (Drift=0.15%)
32,4,36,0.004,Stress (Drift=0.15%)
32,4,36,0.004,Stress (Drift=0.15%)
64,4,36,0.004,Stress (Drift=0.15%)
40,4,36,0.004,Stress (Drift=0.15%)
64,4,37,0.004,Stress (Drift=0.15%)
32,4,37,0.004,Stress (Drift=0.15%)
32,4,37,0.004,Stress (Drift=0.15%)
32,4,37,0.004,Stress (Drift=0.15%)
32,4,37,0.004,Stress (Drift=0.15%)
32,4,37,0.004,Stress (Drift=0.15%)
32,4,37,0.004,Stress (Drift=0.15%)
64,4,37,0.004,Stress (Drift=0.15%)
32,4,37,0.004,Stress (Drift=0.15%)
32,4,37,0.004,Stress (Drift=0.15%)
32,4,37,0.004,Stress (Drift=0.15%)
32,4,37,0.004,Stress (Drift=0.15%)
32,4,37,0.004,Stress (Drift=0.15%)
32,4,37,0.004,Stress (Drift=0.15%)
32,4,37,0.004,Stress (Drift=0.15%)
32,4,37,0.004,Stress (Drift=0.15%)
64,4,37,0.004,Stress (Drift=0.15%)
32,4,37,0.004,Stress (Drift=0.15%)
32,4,37,0.004,Stress (Drift=0.15%)
32,4,37,0.004,Stress (Drift=0.15%)
32,4,37,0.004,Stress (Drift=0.15%)
64,4,37,0.004,Stress (Drift=0.15%)
64,4,37,0.004,Stress (Drift=0.15%)
32,4,37,0.004,Stress (Drift=0.15%)
32,4,37,0.004,Stress (Drift=0.15%)
40,4,37,0.004,Stress (Drift=0.15%)
64,4,38,0.004,Stress (Drift=0.15%)
64,4,38,0.004,Stress (Drift=0.15%)
32,4,38,0.004,Stress (Drift=0.15%)
32,4,38,0.004,Stress (Drift=0.15%)
32,4,38,0.004,Stress (Drift=0.15%)
32,4,38,0.004,Stress (Drift=0.15%)
64,4,38,0.004,Stress (Drift=0.15%)
64,4,38,0.004,Stress (Drift=0.15%)
64,4,38,0.004,Stress (Drift=0.15%)
64,4,38,0.004,Stress (Drift=0.15%)
32,4,38,0.004,Stress (Drift=0.15%)
32,4,38,0.004,Stress (Drift=0.15%)
32,4,38,0.004,Stress (Drift=0.15%)
32,4,38,0.004,Stress (Drift=0.15%)
64,4,38,0.004,Stress (Drift=0.15%)
64,4,38,0.004,Stress (Drift=0.15%)
32,4,38,0.004,Stress (Drift=0.15%)
32,4,38,0.004,Stress (Drift=0.15%)
32,4,38,0.004,Stress (Drift=0.15%)
32,4,38,0.004,Stress (Drift=0.15%)
64,4,38,0.004,Stress (Drift=0.15%)
40,4,38,0.004,Stress (Drift=0.15%)
64,4,41,0.004,Stress (Drift=0.15%)
64,4,41,0.004,Stress (Drift=0.15%)
64,4,41,0.004,Stress (Drift=0.15%)
64,4,41,0.004,Stress (Drift=0.15%)
64,4,41,0.004,Stress (Drift=0.15%)
32,4,41,0.004,Stress (Drift=0.15%)
32,4,41,0.004,Stress (Drift=0.15%)
32,4,41,0.004,Stress (Drift=0.15%)
32,4,41,0.004,Stress (Drift=0.15%)
64,4,41,0.004,Stress (Drift=0.15%)
32,4,41,0.004,Stress (Drift=0.15%)
32,4,41,0.004,Stress (Drift=0.15%)
32,4,41,0.004,Stress (Drift=0.15%)
32,4,41,0.004,Stress (Drift=0.15%)
64,4,41,0.004,Stress (Drift=0.15%)
64,4,41,0.004,Stress (Drift=0.15%)
32,4,41,0.004,Stress (Drift=0.15%)
32,4,41,0.004,Stress (Drift=0.15%)
32,4,41,0.004,Stress (Drift=0.15%)
32,4,41,0.004,Stress (Drift=0.15%)
64,4,41,0.004,Stress (Drift=0.15%)
32,4,41,0.004,Stress (Drift=0.15%)
8,4,41,0.004,Stress (Drift=0.15%)
64,4,40,0.004,Stress (Drift=0.15%)
64,4,40,0.004,Stress (Drift=0.15%)
32,4,40,0.004,Stress (Drift=0.15%)
32,4,40,0.004,Stress (Drift=0.15%)
64,4,40,0.004,Stress (Drift=0.15%)
64,4,40,0.004,Stress (Drift=0.15%)
32,4,40,0.004,Stress (Drift=0.15%)
32,4,40,0.004,Stress (Drift=0.15%)
32,4,40,0.004,Stress (Drift=0.15%)
32,4,40,0.004,Stress (Drift=0.15%)
64,4,40,0.004,Stress (Drift=0.15%)
32,4,40,0.004,Stress (Drift=0.15%)
32,4,40,0.004,Stress (Drift=0.15%)
64,4,40,0.004,Stress (Drift=0.15%)
32,4,40,0.004,Stress (Drift=0.15%)
32,4,40,0.004,Stress (Drift=0.15%)
32,4,40,0.004,Stress (Drift=0.15%)
32,4,40,0.004,Stress (Drift=0.15%)
32,4,40,0.004,Stress (Drift=0.15%)
32,4,40,0.004,Stress (Drift=0.15%)
64,4,40,0.004,Stress (Drift=0.15%)
64,4,40,0.004,Stress (Drift=0.15%)
40,4,40,0.004,Stress (Drift=0.15%)
64,4,39,0.004,Stress (Drift=0.15%)
32,4,39,0.004,Stress (Drift=0.15%)
32,4,39,0.004,Stress (Drift=0.15%)
64,4,39,0.004,Stress (Drift=0.15%)
32,4,39,0.004,Stress (Drift=0.15%)
32,4,39,0.004,Stress (Drift=0.15%)
32,4,39,0.004,Stress (Drift=0.15%)
32,4,39,0.004,Stress (Drift=0.15%)
64,4,39,0.004,Stress (Drift=0.15%)
32,4,39,0.004,Stress (Drift=0.15%)
32,4,39,0.004,Stress (Drift=0.15%)
64,4,39,0.004,Stress (Drift=0.15%)
64,4,39,0.004,Stress (Drift=0.15%)
64,4,39,0.004,Stress (Drift=0.15%)
32,4,39,0.004,Stress (Drift=0.15%)
32,4,39,0.004,Stress (Drift=0.15%)
64,4,39,0.004,Stress (Drift=0.15%)
64,4,39,0.004,Stress (Drift=0.15%)
32,4,39,0.004,Stress (Drift=0.15%)
32,4,39,0.004,Stress (Drift=0.15%)
32,4,39,0.004,Stress (Drift=0.15%)
32,4,39,0.004,Stress (Drift=0.15%)
40,4,39,0.004,Stress (Drift=0.15%)
64,4,42,0.004,Stress (Drift=0.15%)
32,4,42,0.004,Stress (Drift=0.15%)
32,4,42,0.004,Stress (Drift=0.15%)
64,4,42,0.004,Stress (Drift=0.15%)
64,4,42,0.004,Stress (Drift=0.15%)
64,4,42,0.004,Stress (Drift=0.15%)
32,4,42,0.004,Stress (Drift=0.15%)
32,4,42,0.004,Stress (Drift=0.15%)
32,4,42,0.004,Stress (Drift=0.15%)
32,4,42,0.004,Stress (Drift=0.15%)
32,4,42,0.004,Stress (Drift=0.15%)
32,4,42,0.004,Stress (Drift=0.15%)
64,4,42,0.004,Stress (Drift=0.15%)
64,4,42,0.004,Stress (Drift=0.15%)
32,4,42,0.004,Stress (Drift=0.15%)
32,4,42,0.004,Stress (Drift=0.15%)
32,4,42,0.004,Stress (Drift=0.15%)
32,4,42,0.004,Stress (Drift=0.15%)
64,4,42,0.004,Stress (Drift=0.15%)
32,4,42,0.004,Stress (Drift=0.15%)
32,4,42,0.004,Stress (Drift=0.15%)
32,4,42,0.004,Stress (Drift=0.15%)
32,4,42,0.004,Stress (Drift=0.15%)
32,4,42,0.004,Stress (Drift=0.15%)
8,4,42,0.004,Stress (Drift=0.15%)
64,4,43,0.004,Stress (Drift=0.15%)
32,4,43,0.004,Stress (Drift=0.15%)
32,4,43,0.004,Stress (Drift=0.15%)
64,4,43,0.004,Stress (Drift=0.15%)
64,4,43,0.004,Stress (Drift=0.15%)
32,4,43,0.004,Stress (Drift=0.15%)
32,4,43,0.004,Stress (Drift=0.15%)
32,4,43,0.004,Stress (Drift=0.15%)
32,4,43,0.004,Stress (Drift=0.15%)
64,4,43,0.004,Stress (Drift=0.15%)
32,4,43,0.004,Stress (Drift=0.15%)
32,4,43,0.004,Stress (Drift=0.15%)
64,4,43,0.004,Stress (Drift=0.15%)
64,4,43,0.004,Stress (Drift=0.15%)
64,4,43,0.004,Stress (Drift=0.15%)
32,4,43,0.004,Stress (Drift=0.15%)
32,4,43,0.004,Stress (Drift=0.15%)
64,4,43,0.004,Stress (Drift=0.15%)
64,4,43,0.004,Stress (Drift=0.15%)
64,4,43,0.004,Stress (Drift=0.15%)
40,4,43,0.004,Stress (Drift=0.15%)
64,4,46,0.004,Stress (Drift=0.15%)
64,4,46,0.004,Stress (Drift=0.15%)
64,4,46,0.004,Stress (Drift=0.15%)
64,4,46,0.004,Stress (Drift=0.15%)
32,4,46,0.004,Stress (Drift=0.15%)
32,4,46,0.004,Stress (Drift=0.15%)
64,4,46,0.004,Stress (Drift=0.15%)
32,4,46,0.004,Stress (Drift=0.15%)
32,4,46,0.004,Stress (Drift=0.15%)
64,4,46,0.004,Stress (Drift=0.15%)
32,4,46,0.004,Stress (Drift=0.15%)
32,4,46,0.004,Stress (Drift=0.15%)
32,4,46,0.004,Stress (Drift=0.15%)
32,4,46,0.004,Stress (Drift=0.15%)
32,4,46,0.004,Stress (Drift=0.15%)
32,4,46,0.004,Stress (Drift=0.15%)
32,4,46,0.004,Stress (Drift=0.15%)
32,4,46,0.004,Stress (Drift=0.15%)
64,4,46,0.004,Stress (Drift=0.15%)
64,4,46,0.004,Stress (Drift=0.15%)
64,4,46,0.004,Stress (Drift=0.15%)
40,4,46,0.004,Stress (Drift=0.15%)
64,4,44,0.004,Stress (Drift=0.15%)
32,4,44,0.004,Stress (Drift=0.15%)
32,4,44,0.004,Stress (Drift=0.15%)
32,4,44,0.004,Stress (Drift=0.15%)
32,4,44,0.004,Stress (Drift=0.15%)
32,4,44,0.004,Stress (Drift=0.15%)
32,4,44,0.004,Stress (Drift=0.15%)
32,4,44,0.004,Stress (Drift=0.15%)
32,4,44,0.004,Stress (Drift=0.15%)
32,4,44,0.004,Stress (Drift=0.15%)
32,4,44,0.004,Stress (Drift=0.15%)
64,4,44,0.004,Stress (Drift=0.15%)
64,4,44,0.004,Stress (Drift=0.15%)
64,4,44,0.004,Stress (Drift=0.15%)
64,4,44,0.004,Stress (Drift=0.15%)
64,4,44,0.004,Stress (Drift=0.15%)
32,4,44,0.004,Stress (Drift=0.15%)
32,4,44,0.004,Stress (Drift=0.15%)
64,4,44,0.004,Stress (Drift=0.15%)
32,4,44,0.004,Stress (Drift=0.15%)
32,4,44,0.004,Stress (Drift=0.15%)
32,4,44,0.004,Stress (Drift=0.15%)
32,4,44,0.004,Stress (Drift=0.15%)
40,4,44,0.004,Stress (Drift=0.15%)
64,4,45,0.004,Stress (Drift=0.15%)
32,4,45,0.004,Stress (Drift=0.15%)
32,4,45,0.004,Stress (Drift=0.15%)
32,4,45,0.004,Stress (Drift=0.15%)
32,4,45,0.004,Stress (Drift=0.15%)
64,4,45,0.004,Stress (Drift=0.15%)
32,4,45,0.004,Stress (Drift=0.15%)
32,4,45,0.004,Stress (Drift=0.15%)
64,4,45,0.004,Stress (Drift=0.15%)
32,4,45,0.004,Stress (Drift=0.15%)
32,4,45,0.004,Stress (Drift=0.15%)
32,4,45,0.004,Stress (Drift=0.15%)
32,4,45,0.004,Stress (Drift=0.15%)
64,4,45,0.004,Stress (Drift=0.15%)
64,4,45,0.004,Stress (Drift=0.15%)
64,4,45,0.004,Stress (Drift=0.15%)
32,4,45,0.004,Stress (Drift=0.15%)
32,4,45,0.004,Stress (Drift=0.15%)
32,4,45,0.004,Stress (Drift=0.15%)
32,4,45,0.004,Stress (Drift=0.15%)
64,4,45,0.004,Stress (Drift=0.15%)
64,4,45,0.004,Stress (Drift=0.15%)
32,4,45,0.004,Stress (Drift=0.15%)
8,4,45,0.004,Stress (Drift=0.15%)
64,4,47,0.004,Stress (Drift=0.15%)
32,4,47,0.004,Stress (Drift=0.15%)
32,4,47,0.004,Stress (Drift=0.15%)
32,4,47,0.004,Stress (Drift=0.15%)
32,4,47,0.004,Stress (Drift=0.15%)
32,4,47,0.004,Stress (Drift=0.15%)
32,4,47,0.004,Stress (Drift=0.15%)
32,4,47,0.004,Stress (Drift=0.15%)
32,4,47,0.004,Stress (Drift=0.15%)
64,4,47,0.004,Stress (Drift=0.15%)
64,4,47,0.004,Stress (Drift=0.15%)
32,4,47,0.004,Stress (Drift=0.15%)
32,4,47,0.004,Stress (Drift=0.15%)
64,4,47,0.004,Stress (Drift=0.15%)
32,4,47,0.004,Stress (Drift=0.15%)
32,4,47,0.004,Stress (Drift=0.15%)
32,4,47,0.004,Stress (Drift=0.15%)
32,4,47,0.004,Stress (Drift=0.15%)
32,4,47,0.004,Stress (Drift=0.15%)
32,4,47,0.004,Stress (Drift=0.15%)
32,4,47,0.004,Stress (Drift=0.15%)
32,4,47,0.004,Stress (Drift=0.15%)
64,2,47,0.004,Stress (Drift=0.15%)
64,4,47,0.004,Stress (Drift=0.15%)
32,4,47,0.004,Stress (Drift=0.15%)
8,4,47,0.004,Stress (Drift=0.15%)
64,4,48,0.004,Stress (Drift=0.15%)
32,4,48,0.004,Stress (Drift=0.15%)
32,4,48,0.004,Stress (Drift=0.15%)
64,4,48,0.004,Stress (Drift=0.15%)
32,4,48,0.004,Stress (Drift=0.15%)
32,4,48,0.004,Stress (Drift=0.15%)
32,4,48,0.004,Stress (Drift=0.15%)
32,4,48,0.004,Stress (Drift=0.15%)
32,4,48,0.004,Stress (Drift=0.15%)
32,4,48,0.004,Stress (Drift=0.15%)
32,4,48,0.004,Stress (Drift=0.15%)
32,4,48,0.004,Stress (Drift=0.15%)
64,4,48,0.004,Stress (Drift=0.15%)
64,4,48,0.004,Stress (Drift=0.15%)
32,4,48,0.004,Stress (Drift=0.15%)
32,4,48,0.004,Stress (Drift=0.15%)
32,4,48,0.004,Stress (Drift=0.15%)
32,4,48,0.004,Stress (Drift=0.15%)
32,4,48,0.004,Stress (Drift=0.15%)
32,4,48,0.004,Stress (Drift=0.15%)
64,4,48,0.004,Stress (Drift=0.15%)
32,4,48,0.004,Stress (Drift=0.15%)
32,4,48,0.004,Stress (Drift=0.15%)
32,4,48,0.004,Stress (Drift=0.15%)
32,4,48,0.004,Stress (Drift=0.15%)
32,4,48,0.004,Stress (Drift=0.15%)
8,4,48,0.004,Stress (Drift=0.15%)
64,4,49,0.004,Stress (Drift=0.15%)
64,4,49,0.004,Stress (Drift=0.15%)
32,4,49,0.004,Stress (Drift=0.15%)
32,4,49,0.004,Stress (Drift=0.15%)
32,4,49,0.004,Stress (Drift=0.15%)
32,4,49,0.004,Stress (Drift=0.15%)
32,4,49,0.004,Stress (Drift=0.15%)
32,4,49,0.004,Stress (Drift=0.15%)
64,4,49,0.004,Stress (Drift=0.15%)
64,4,49,0.004,Stress (Drift=0.15%)
32,4,49,0.004,Stress (Drift=0.15%)
32,4,49,0.004,Stress (Drift=0.15%)
64,4,49,0.004,Stress (Drift=0.15%)
32,4,49,0.004,Stress (Drift=0.15%)
32,4,49,0.004,Stress (Drift=0.15%)
32,4,49,0.004,Stress (Drift=0.15%)
32,4,49,0.004,Stress (Drift=0.15%)
32,4,49,0.004,Stress (Drift=0.15%)
32,4,49,0.004,Stress (Drift=0.15%)
32,4,49,0.004,Stress (Drift=0.15%)
32,4,49,0.004,Stress (Drift=0.15%)
64,4,49,0.004,Stress (Drift=0.15%)
64,4,49,0.004,Stress (Drift=0.15%)
40,4,49,0.004,Stress (Drift=0.15%)
